gyro_x_0,gyro_y_0,gyro_z_0,acc_x_0,acc_y_0,acc_z_0,gyro_x_1,gyro_y_1,gyro_z_1,acc_x_1,acc_y_1,acc_z_1,gyro_x_2,gyro_y_2,gyro_z_2,acc_x_2,acc_y_2,acc_z_2,gyro_x_3,gyro_y_3,gyro_z_3,acc_x_3,acc_y_3,acc_z_3,gyro_x_4,gyro_y_4,gyro_z_4,acc_x_4,acc_y_4,acc_z_4,gyro_x_5,gyro_y_5,gyro_z_5,acc_x_5,acc_y_5,acc_z_5,gyro_x_6,gyro_y_6,gyro_z_6,acc_x_6,acc_y_6,acc_z_6,gyro_x_7,gyro_y_7,gyro_z_7,acc_x_7,acc_y_7,acc_z_7,gyro_x_8,gyro_y_8,gyro_z_8,acc_x_8,acc_y_8,acc_z_8,gyro_x_9,gyro_y_9,gyro_z_9,acc_x_9,acc_y_9,acc_z_9,gyro_x_10,gyro_y_10,gyro_z_10,acc_x_10,acc_y_10,acc_z_10,gyro_x_11,gyro_y_11,gyro_z_11,acc_x_11,acc_y_11,acc_z_11,gyro_x_12,gyro_y_12,gyro_z_12,acc_x_12,acc_y_12,acc_z_12,gyro_x_13,gyro_y_13,gyro_z_13,acc_x_13,acc_y_13,acc_z_13,gyro_x_14,gyro_y_14,gyro_z_14,acc_x_14,acc_y_14,acc_z_14,gyro_x_15,gyro_y_15,gyro_z_15,acc_x_15,acc_y_15,acc_z_15,gyro_x_16,gyro_y_16,gyro_z_16,acc_x_16,acc_y_16,acc_z_16,gyro_x_17,gyro_y_17,gyro_z_17,acc_x_17,acc_y_17,acc_z_17,gyro_x_18,gyro_y_18,gyro_z_18,acc_x_18,acc_y_18,acc_z_18,gyro_x_19,gyro_y_19,gyro_z_19,acc_x_19,acc_y_19,acc_z_19,gyro_x_20,gyro_y_20,gyro_z_20,acc_x_20,acc_y_20,acc_z_20,gyro_x_21,gyro_y_21,gyro_z_21,acc_x_21,acc_y_21,acc_z_21,gyro_x_22,gyro_y_22,gyro_z_22,acc_x_22,acc_y_22,acc_z_22,gyro_x_23,gyro_y_23,gyro_z_23,acc_x_23,acc_y_23,acc_z_23,gyro_x_24,gyro_y_24,gyro_z_24,acc_x_24,acc_y_24,acc_z_24,gyro_x_25,gyro_y_25,gyro_z_25,acc_x_25,acc_y_25,acc_z_25,gyro_x_26,gyro_y_26,gyro_z_26,acc_x_26,acc_y_26,acc_z_26,gyro_x_27,gyro_y_27,gyro_z_27,acc_x_27,acc_y_27,acc_z_27,gyro_x_28,gyro_y_28,gyro_z_28,acc_x_28,acc_y_28,acc_z_28,gyro_x_29,gyro_y_29,gyro_z_29,acc_x_29,acc_y_29,acc_z_29,motion_type
-0.08607500046492,-0.85167497396469,-2.04421257972717,1.99979996681213,5.33431243896484,9.00927448272705,-1.24547493457794,-1.36771249771118,-1.29690003395081,-3.0130500793457,-4.963050365448,-6.26295042037964,1.51200008392334,1.05300009250641,1.93395006656647,8.64105033874512,8.72700023651123,8.60100078582764,-3.18491244316101,-3.97457504272461,-4.16583728790283,11.510537147522,11.9470996856689,10.3514127731323,-1.30226254463196,-1.35492503643036,-1.55306243896484,-6.53400039672852,-6.32805013656616,-6.25605010986328,1.83105003833771,0.85605001449585,-1.08300006389618,7.5730504989624,7.40295028686523,7.18695020675659,-3.83556246757507,-3.73312497138977,-5.42753744125366,7.71993732452393,5.49491262435913,2.92751240730286,-1.85831248760223,-2.11516237258911,-2.90798759460449,-6.838050365448,-9.17100048065186,-18.9880504608154,-3.71295022964478,-7.14495038986206,-13.9030504226685,7.03695011138916,7.90095043182373,17.9629516601563,-5.51402473449707,-4.92525005340576,-3.54378747940063,2.07748746871948,1.58771252632141,1.18937504291534,-3.277174949646,-3.26438736915588,-3.14820003509521,-24.2430019378662,-25.3800010681152,-20.8200016021729,-17.6680507659912,-22.4850006103516,-28.6830005645752,21.3679504394531,21.2179508209229,20.3269500732422,-2.15063738822937,-2.07185006141663,-2.86343741416931,0.86996251344681,0.4613125026226,-0.40204998850822,-2.9577624797821,-2.82754993438721,-3.30714988708496,-17.275951385498,-11.9800510406494,-2.30400013923645,-35.8320007324219,-47.484001159668,-63.6619529724121,17.8740005493164,15.0409507751465,11.767050743103,-4.16020011901855,-5.21853733062744,-1.34076249599457,-1.54536247253418,-3.29931259155273,-13.6713495254517,-4.32011270523071,-5.92666244506836,-6.57469987869263,21.5230503082275,53.029052734375,29.0020523071289,-75.8220062255859,-56.7169532775879,-8.09805011749268,12.0970506668091,13.1490001678467,27.7729511260986,3.85577487945557,7.9921875,10.2643747329712,-19.6479244232178,-22.103536605835,-20.4325008392334,-4.41650009155273,-2.7248375415802,-2.74353742599487,25.7020511627197,26.6650505065918,29.0770511627197,-2.84805011749268,-0.64695000648499,3.21300005912781,6.59100008010864,-3.92400026321411,0.59895002841949,9.65305042266846,7.59426259994507,4.0141749382019,-13.8869495391846,-7.06365013122559,-3.81782507896423,-5.36098766326904,-8.12212467193604,-9.45656204223633,19.2880516052246,16.1749515533447,14.8789510726929,5.06700038909912,4.60395002365112,3.33300018310547,4.61295032501221,6.86895036697388,8.11200046539307,-0.57557499408722,-0.54065001010895,12.8360376358032,-2.90606260299683,-1.07414996623993,7.18973731994629,-8.75599956512451,-6.08904981613159,3.33684992790222,12.4380006790161,8.21805000305176,2.1780002117157,1.87200009822845,2.10600018501282,2.94705009460449,8.70600032806396,9.72105026245117,9.17100048065186,16.8103370666504,15.6580877304077,7.78387498855591,10.8266124725342,11.9011745452881,10.502387046814,5.77444982528687,6.38701248168945,4.10258769989014,1.60095012187958,1.43595004081726,0.67605000734329,3.23205018043518,2.4060001373291,2.0029501914978,8.83995056152344,8.30100059509277,8.77305030822754,SWING_LEFT
-1.91193747520447,-1.38242495059967,-1.06067502498627,-3.63522505760193,-1.93132495880127,0.05898749828339,-0.2759625017643,0.35131248831749,0.89677500724792,4.20705032348633,-0.69495004415512,-3.54495024681091,-0.37605002522469,-1.42800009250641,-1.14705002307892,9.86505031585693,8.20305061340332,6.48105049133301,-1.23997497558594,-2.50951242446899,-6.05646228790283,2.50318741798401,5.89503765106201,16.0132503509521,0.97597497701645,0.12704999744892,-6.70340013504028,-3.57405018806458,-4.2199501991272,-8.15805053710938,-1.66200006008148,-4.04505014419556,-11.038950920105,5.1540002822876,3.56895017623901,5.23800039291382,-6.35346269607544,-5.0333251953125,-2.34863758087158,18.8538627624512,18.0466003417969,14.386625289917,-9.15942478179932,-8.92691230773926,-6.06993722915649,-16.1209506988525,-26.2069511413574,-29.1910514831543,-14.4450006484985,-13.3189506530762,-12.8400001525879,9.65700054168701,13.5820503234863,11.8360509872437,0.171187505126,-0.26138749718666,-0.58959996700287,5.19268751144409,2.78217506408691,1.22870004177094,-0.05128749832511,-0.10711249709129,-0.81674998998642,-21.6870002746582,-29.2579517364502,-38.3140525817871,-28.6260013580322,-35.2450523376465,-41.824951171875,5.31195020675659,17.4600009918213,27.492000579834,-1.02643752098084,-1.94342494010925,-2.80472493171692,-0.11715000122786,-1.47592496871948,-2.63491249084473,-1.48994994163513,-2.16768741607666,-3.30371236801147,-34.1680526733398,-18.4660511016846,16.7059516906738,-56.5489540100098,-78.6120071411133,-78.6169509887695,21.1099510192871,13.9680004119873,1.28400003910065,-3.88286256790161,-3.75787496566772,-1.49985003471375,-3.60896253585815,-4.88482475280762,-7.40382480621338,-5.24177503585815,-7.56139993667603,-8.72684955596924,57.6370544433594,69.7099533081055,56.0209541320801,-78.6529541015625,-51.550952911377,-21.0480003356934,15.4720506668091,42.7080001831055,47.7970504760742,9.90082454681396,13.599024772644,15.004412651062,-22.6525745391846,-24.6870250701904,-22.315975189209,-3.47228741645813,-1.70926249027252,-1.1588499546051,29.6110515594482,22.0590019226074,23.496000289917,-0.57705003023148,5.14995002746582,3.39705014228821,1.46295011043549,-4.32405042648315,-2.72895002365112,13.7891874313354,7.7005500793457,1.11017501354218,-15.0833377838135,-6.64908742904663,-4.45252513885498,-3.2847375869751,-6.97908735275269,-8.24339962005615,19.1080513000488,11.0370006561279,7.7029504776001,3.03105020523071,3.5029501914978,2.41500020027161,3.24495005607605,10.1170501708984,11.9299507141113,-1.46987497806549,3.02376246452332,9.09218788146973,-3.01908755302429,0.91025000810623,6.35029983520508,-7.69064998626709,-4.15703725814819,1.41349995136261,6.89595031738281,5.22495031356812,3.64395022392273,1.46205008029938,1.71795010566711,1.61805009841919,11.332950592041,10.5619506835938,9.18000030517578,14.5419998168945,7.64651250839233,1.36248743534088,13.7469749450684,11.6304378509521,8.17354965209961,7.21668767929077,5.46644973754883,1.80331254005432,2.10900020599365,2.37900018692017,4.03695011138916,0.97395002841949,0.61695003509521,-0.00300000002608,10.3270502090454,11.3070001602173,10.7179508209229,SWING_LEFT
1.62043750286102,2.16424989700317,1.83397495746613,-2.59283757209778,-1.74803745746613,-0.33316248655319,-1.48156249523163,-2.08078742027283,-2.66750001907349,1.54605007171631,-0.21600000560284,-2.35695004463196,2.15205001831055,-0.39105001091957,-2.89605021476746,2.16495013237,2.32095003128052,2.50500011444092,-0.71073746681213,-9.17991256713867,-16.4051246643066,2.58486247062683,8.64407539367676,17.4528751373291,-3.01028752326965,-4.89458751678467,-10.4479370117188,-4.05299997329712,-5.0590500831604,-9.94695091247559,-5.68800020217896,-8.32500076293945,-12.4690504074097,3.44400024414063,5.80305004119873,11.9560508728027,-14.3198003768921,-6.02236223220825,-0.04991250112653,16.09423828125,11.1071128845215,5.35535001754761,-9.61853790283203,-6.7458872795105,-0.6434999704361,-14.8879508972168,-20.8510513305664,-26.2069511413574,-12.3990001678467,-12.8059501647949,-13.2349510192871,14.8420505523682,15.2539510726929,13.9150505065918,1.51731252670288,1.38682496547699,0.30648750066757,3.38442492485046,3.28734993934631,3.22630000114441,1.59582495689392,1.94727504253387,1.72246253490448,-28.5540008544922,-28.6180515289307,-30.6880512237549,-16.6979999542236,-23.3760013580322,-32.8840522766113,10.945050239563,9.14400005340576,12.3540010452271,-1.32907497882843,-3.02651238441467,-5.13768768310547,2.49576258659363,1.21027493476868,-1.82847499847412,1.07016253471375,0.09913749992847,-3.77973747253418,-35.521053314209,-31.4230518341064,34.759952545166,-43.4890518188477,-64.1320495605469,-78.6550521850586,18.351001739502,16.9540500640869,8.22195053100586,-4.8093376159668,-3.33354997634888,0.45718750357628,-3.02885007858276,-4.85677480697632,-9.78793716430664,-6.98788738250732,-9.86590003967285,-9.64177513122559,78.7180557250977,63.2080535888672,24.0760517120361,-69.7189559936523,-25.5499515533447,-8.14605045318604,16.8370513916016,45.7639503479004,32.9790000915527,6.72870016098022,12.1228246688843,14.4869995117188,-19.7678241729736,-25.6018123626709,-25.8407878875732,-5.69029998779297,-2.4623498916626,-1.15059995651245,27.4309520721436,29.308952331543,23.4940509796143,-1.59795010089874,-0.68295001983643,4.02705001831055,4.72995042800903,-4.92105007171631,-2.96205019950867,14.6199626922607,12.0155754089355,0.20061250030994,-20.8529739379883,-10.5274124145508,-4.92304992675781,-2.15187501907349,-5.87454986572266,-7.43971252441406,22.3560009002686,17.8770008087158,7.54305028915405,4.19700002670288,4.05795001983643,4.14900016784668,-0.49200001358986,3.70005011558533,9.66405010223389,1.93215000629425,8.10919952392578,13.2497749328613,-2.44076251983643,2.18006253242493,8.04141235351563,-5.84141254425049,-2.61607503890991,0.92427498102188,7.33905029296875,5.35905027389526,3.37800025939941,2.39595007896423,2.91600012779236,2.95395016670227,8.37105083465576,8.79900074005127,9.24195003509522,12.4543371200562,2.90303754806519,-1.06727504730225,13.6470127105713,10.6229753494263,7.99672508239746,2.8359375,0.69932502508163,-1.1423499584198,2.5729501247406,2.08905005455017,1.19400000572205,1.4479501247406,1.72605013847351,2.56095004081726,10.9720506668091,11.296950340271,11.050950050354,SWING_LEFT
0.24310000240803,-2.32017493247986,-4.62687492370605,3.40560007095337,2.62459993362427,0.35337498784065,-9.68563747406006,-9.03209972381592,-8.23597526550293,-6.70905017852783,-7.65495014190674,-8.09805011749268,0.64305001497269,-0.65895003080368,-2.13900017738342,2.30595016479492,5.79600048065186,8.50500011444092,-6.5797872543335,-5.76592493057251,-3.52274990081787,-2.28868746757507,-6.14886236190796,-6.04436254501343,-7.76902484893799,-5.79369974136353,-4.50614976882935,-10.9720506668091,-18.2100009918213,-11.8920001983643,-2.18505001068115,-1.64805006980896,-5.31195020675659,10.488000869751,21.7849502563477,20.4679508209229,-1.77347493171692,-0.81496250629425,-1.05104994773865,-5.12256240844727,-3.76818752288818,-0.60568749904633,-3.35541248321533,-2.331862449646,-0.81730002164841,-8.93895053863525,-11.3890504837036,-13.7959508895874,-6.87600040435791,-5.34795045852661,-4.06005001068115,14.3170509338379,9.98205089569092,7.85295057296753,-1.86230003833771,-3.11506247520447,-4.35489988327026,0.46997499465942,0.73479998111725,0.34498751163483,-0.06036249920726,0.49362498521805,0.7598249912262,-11.7820501327515,-10.921950340271,-9.85605049133301,-7.59000015258789,-11.767050743103,-15.9439506530762,11.7190504074097,15.0840005874634,16.6600513458252,-5.25607490539551,-4.54341268539429,-4.0537748336792,-2.19903755187988,-3.92081236839294,-5.77527475357056,-0.30483749508858,-1.4415500164032,-2.56038737297058,-6.28305006027222,1.58400011062622,14.2609510421753,-22.8370513916016,-27.1860008239746,-30.3190517425537,22.6159515380859,22.7689514160156,15.0310506820679,-4.09915018081665,-1.43192493915558,2.97673749923706,-7.59453725814819,-14.4061498641968,-18.8571624755859,-3.32708740234375,-1.03578746318817,2.22887492179871,27.3979511260986,20.428050994873,15.7770004272461,-26.3190021514893,-9.92805004119873,-6.43095016479492,8.89995002746582,17.814001083374,16.5949516296387,7.27141237258911,9.97782516479492,8.58921241760254,-20.6640491485596,-19.2207126617432,-7.85661268234253,4.16515016555786,4.27418756484985,-0.89759999513626,18.6010513305664,20.2560005187988,16.8070507049561,-5.90205049514771,-4.79700040817261,0.6690000295639,11.3430004119873,7.52505016326904,7.35795021057129,7.0144248008728,5.74034976959229,4.75337505340576,-3.88712501525879,-2.44543743133545,-2.32787489891052,-2.33708739280701,-2.60314989089966,-2.31247496604919,18.6060009002686,18.1960506439209,15.9420003890991,1.43100011348724,2.23305010795593,2.70300006866455,7.18005037307739,7.17105054855347,7.0009503364563,6.52987480163574,9.79123783111572,12.9229373931885,-1.51387500762939,0.49169999361038,2.76223754882813,-1.1316249370575,0.57158750295639,2.46482491493225,10.1320505142212,8.48700046539307,8.46495056152344,4.27095031738281,4.91100025177002,4.27095031738281,8.08305072784424,8.74695014953613,8.40705013275146,13.6767120361328,8.81361198425293,5.4007248878479,4.38542509078979,5.21001243591309,4.49253749847412,3.58641242980957,2.6108500957489,1.20560002326965,8.39100074768066,7.45005035400391,7.70805025100708,3.76800012588501,4.59000015258789,4.71900033950806,7.31205034255981,7.76505041122437,7.46295022964478,SWING_LEFT
-2.88227486610413,-5.20368766784668,-7.12744998931885,-0.38609999418259,0.00178749999031,0.94751250743866,-8.42572498321533,-9.34230041503906,-10.4851999282837,-4.13895034790039,-5.77995014190674,-6.92700052261353,-0.58200001716614,-2.5530002117157,-5.04705047607422,7.37205028533936,8.00400066375732,9.72405052185059,-7.46679973602295,-6.20578765869141,-4.58617496490479,2.91293740272522,3.80132508277893,4.01623725891113,-9.54057502746582,-7.72529983520508,-5.44059991836548,-10.4980506896973,-11.017050743103,-10.8670501708984,-5.86605024337769,-6.87405014038086,-9.51600074768066,11.203950881958,9.85095024108887,9.30495071411133,-3.33135008811951,-2.0847749710083,-1.55677497386932,3.51931238174438,2.1840500831604,1.71613752841949,-3.53484988212585,-1.83521246910095,-1.44746243953705,-13.1659507751465,-18.4489517211914,-18.9019508361816,-11.6140508651733,-14.4930009841919,-15.457950592041,11.3640003204346,16.231050491333,14.9089508056641,-1.24396252632141,-1.3582249879837,-2.03431248664856,1.38737499713898,0.98271250724792,0.26496249437332,-1.10481250286102,-0.79145002365112,-0.40287500619888,-17.7829513549805,-15.8100004196167,-12.8470506668091,-16.6650009155273,-18.6289501190186,-22.0459518432617,12.0730504989624,10.1190004348755,9.33795070648193,-3.3882749080658,-4.99001264572144,-6.12150001525879,-0.98642498254776,-2.58541250228882,-4.15951251983643,0.00371249997988,0.01498750038445,-0.93073749542236,-9.36300086975098,-4.81905031204224,3.80700016021729,-26.9920520782471,-33.4660530090332,-39.9919509887695,8.75400066375732,10.6650009155273,12.2860507965088,-6.44462490081787,-3.95009994506836,-0.24791249632835,-5.46589994430542,-7.84478759765625,-10.7644624710083,-2.7942750453949,-7.75788736343384,-7.81605005264282,18.3250503540039,35.707950592041,16.3849506378174,-42.3799514770508,-20.7000007629395,-8.68005084991455,9.93705081939697,14.7919502258301,26.427001953125,5.27642488479614,10.5597248077393,14.1887626647949,-14.8555002212524,-17.7014751434326,-17.8503875732422,-5.25029993057251,-1.99237501621246,0.4476999938488,12.271050453186,19.4490013122559,17.0320510864258,-4.43595027923584,-5.54505014419556,-3.42795014381409,21.3949508666992,9.98700046539307,7.84905052185059,13.3447875976563,10.9352378845215,8.15856266021729,-7.72901248931885,-2.85683751106262,-1.3914999961853,-0.25987499952316,-1.03606247901917,-1.12942504882813,12.2749509811401,12.3709506988525,11.9740505218506,0.24105000495911,0.73200005292892,0.81795001029968,8.78999996185303,9.07200050354004,9.32400035858154,6.10376262664795,4.94766235351563,4.31928730010986,-1.34818744659424,-1.60049998760223,-1.30212497711182,-0.69286251068115,-0.3119874894619,-0.20033749938011,11.4799509048462,11.6839504241943,11.7649507522583,0.68595004081726,1.46700012683868,2.31705021858215,8.95995044708252,8.61300086975098,8.58105087280273,4.63608741760254,4.95536231994629,4.62811231613159,0.31006249785423,1.31463754177094,1.21357500553131,0.28063750267029,0.90103751420975,1.29566252231598,10.9890003204346,9.796950340271,8.82194995880127,2.80305004119873,2.70000004768372,3.31605005264282,8.96505069732666,9.02700042724609,8.66295051574707,SWING_LEFT
-3.77437496185303,-3.15026259422302,-2.26187491416931,4.31667518615723,3.66231250762939,2.55543756484985,-7.23758745193481,-6.33916234970093,-5.41378736495972,-9.37695026397705,-8.074049949646,-5.84400033950806,-2.93700003623962,-3.43200016021729,-5.73900032043457,9.50100040435791,10.453950881958,9.52005004882812,-1.65495002269745,-0.87848746776581,-0.69905000925064,1.51621246337891,0.53611248731613,0.66288751363754,-4.69589996337891,-3.21502494812012,-2.65595006942749,-8.02395057678223,-15.142050743103,-12.5500507354736,-7.23105049133301,-7.39800024032593,-10.4569501876831,10.3849506378174,14.3130006790161,13.6210508346558,-0.72421246767044,-0.95383751392365,-0.76381248235703,0.80712497234344,0.90887498855591,0.86872500181198,-2.21952509880066,-1.80674993991852,-1.64628744125366,-11.6310005187988,-14.1769504547119,-14.8210506439209,-12.3109502792358,-11.9440507888794,-11.767050743103,12.9880504608154,14.5189504623413,16.252950668335,-0.53996247053146,-0.56402498483658,-1.16338753700256,0.85896247625351,0.71719998121262,0.26468750834465,-1.49091243743896,-1.1446875333786,-0.68791252374649,-13.2070503234863,-11.1469507217407,-9.13695049285889,-11.7450008392334,-11.9149503707886,-13.1899509429932,13.5870008468628,8.33700084686279,4.76100015640259,-2.66241240501404,-6.0971622467041,-7.07052516937256,-0.4613125026226,-1.68643748760223,-2.05521249771118,-0.16128750145435,0.07892499864101,-1.64903748035431,-8.02395057678223,-4.72800016403198,3.57900023460388,-15.9060010910034,-28.9630508422852,-40.9260025024414,3.95895028114319,4.59600019454956,9.46305084228516,-6.74973726272583,-5.14002513885498,-1.91592502593994,-2.73391246795654,-4.36479997634888,-7.68583726882935,-4.33138751983643,-6.66668748855591,-7.45634984970093,17.2069511413574,29.1960010528564,27.8770503997803,-45.6040534973145,-34.5079498291016,-23.4949512481689,16.3459510803223,21.3160514831543,23.8639507293701,2.48393750190735,6.34507513046265,9.0839376449585,-12.4106121063232,-16.6091747283936,-18.7236499786377,-5.59006261825562,-2.06016254425049,1.06026244163513,16.678050994873,10.7280006408691,15.6190509796143,-16.8760509490967,-11.1160507202148,-8.97000026702881,17.521951675415,7.69305038452148,2.48400020599365,10.428412437439,9.20191287994385,7.78800010681152,-17.9686374664307,-10.7729873657227,-7.7005500793457,2.36238741874695,-0.14135000109673,-1.8486875295639,19.7839508056641,19.3170013427734,20.695951461792,-6.80505037307739,-2.94405007362366,-1.45905005931854,2.95095014572144,11.0820007324219,10.1329507827759,6.47212505340576,5.72275018692017,6.20372486114502,-5.58401250839233,-4.03741264343262,-2.66763758659363,-2.97563743591309,-3.16112494468689,-3.01221251487732,18.2850017547607,14.2920007705688,11.15505027771,0.43905001878738,2.37495017051697,3.29205012321472,5.6569504737854,3.93300008773804,4.38495016098022,7.36312484741211,10.9859752655029,14.2802000045776,-1.19666254520416,0.83765000104904,2.63147497177124,-2.23217487335205,-0.19799999892712,0.84452497959137,9.1399507522583,7.03995037078857,6.69000053405762,4.19505023956299,6.20400047302246,5.84295034408569,4.85700035095215,6.12195014953613,6.21000051498413,SWING_LEFT
-0.09831249713898,0.42006251215935,0.53831249475479,-0.34430000185966,2.02716255187988,4.50312519073486,-2.89245009422302,-2.59778738021851,-2.28002500534058,1.11195003986359,-0.83895003795624,-2.2110002040863,5.00895023345947,3.96495008468628,3.10005021095276,9.82905006408691,11.1270008087158,12.9190502166748,-0.14726249873638,-1.9655624628067,-5.01366233825684,6.23535013198853,6.62158727645874,5.82945013046265,-2.26091241836548,-2.65787506103516,-3.27442502975464,-1.8469500541687,0.14699999988079,-0.4120500087738,-0.73995006084442,-7.5450005531311,-19.2679500579834,13.326000213623,10.5330009460449,7.91805028915405,-11.4478378295898,-10.2990245819092,-7.87187480926514,6.37174987792969,7.68184995651245,8.93323707580566,-4.5578498840332,-3.95848751068115,-3.24005007743835,-25.4950504302979,-23.7520503997803,-23.9670009613037,-12.2100009918213,-12.9240007400513,-13.9729509353638,23.1480007171631,17.6110515594482,10.7850008010864,-3.23771238327026,-0.34485000371933,0.4463250041008,9.58416271209717,7.98654985427856,6.49508762359619,-1.59541249275208,-0.29479998350143,0.57365000247955,-25.1310005187988,-22.2139511108398,-17.5249500274658,-13.8480005264282,-17.1130504608154,-23.1070518493652,11.1780004501343,6.59400033950806,1.5090000629425,0.07369999587536,-1.00402498245239,-3.61666250228882,5.22788763046265,3.73738741874695,0.40232500433922,0.55783748626709,-0.91629999876022,-5.84416246414185,-16.195951461792,-16.4490013122559,9.1360502243042,-31.6150512695313,-41.9299507141113,-78.6550521850586,6.10695028305054,15.4459505081177,7.40100049972534,-3.80091238021851,-2.32333755493164,0.64556246995926,-1.74432504177094,-6.36418724060059,-15.7088251113892,-8.17506217956543,-9.11019992828369,-7.50419998168945,44.6080513000488,63.297004699707,41.0470504760742,-77.7930068969727,-34.900951385498,-18.4950008392334,22.9519519805908,33.0750007629395,17.2470016479492,4.83944988250732,9.43305015563965,8.68945026397705,-23.3382873535156,-24.7744750976563,-16.9956874847412,-4.40893745422363,-1.6472499370575,-3.9869499206543,20.4780006408691,23.6689510345459,22.7389507293701,-6.40200042724609,-2.05800008773804,-0.22995001077652,2.9239501953125,-8.09400081634521,-2.97405004501343,6.50952482223511,2.72387504577637,-1.55320000648499,-10.3288621902466,-7.28695011138916,-5.50247478485107,-7.47353744506836,-8.84510040283203,-8.56130027770996,20.2170009613037,16.1820011138916,12.3450002670288,1.67805004119873,3.10695004463196,4.78905010223389,1.99500012397766,3.92295026779175,4.69200038909912,-2.74532508850098,5.24177503585815,19.426549911499,-3.28982496261597,0.55549997091293,6.15958738327026,-7.08633756637573,-4.8035626411438,-2.15503740310669,9.32205009460449,6.421950340271,3.54300022125244,4.40100002288818,4.17105007171631,6.09900045394897,5.35995006561279,5.71200037002563,6.78300046920776,25.3991374969482,25.7731380462646,16.0282382965088,10.1809120178223,12.2292499542236,11.4433002471924,-1.03331243991852,-1.32990002632141,-2.27947497367859,2.79795002937317,4.49895000457764,4.01295042037964,7.07805013656616,4.62600040435791,2.94705009460449,8.20499992370605,9.05100059509277,9.32100009918213,SWING_LEFT
-1.35437500476837,-1.81843745708466,-1.28534996509552,5.27752494812012,4.4407000541687,3.87337493896484,-4.62426233291626,-5.43427515029907,-6.2187123298645,-0.84600001573563,-2.73105001449585,-4.07400035858154,2.32395005226135,1.74000012874603,2.25,5.55405044555664,2.51700019836426,0.61800003051758,0.03767500072718,0.83352500200272,-3.46747493743896,3.7736873626709,4.16982507705688,6.11242485046387,-6.77036237716675,-7.2308497428894,-9.03773784637451,-3.5550000667572,-2.59905004501343,-3.86595010757446,-0.03105000220239,-5.9850001335144,-13.4359502792358,-0.62895005941391,-0.08805000782013,6.04500007629395,-9.4045877456665,-10.8526000976563,-10.1964502334595,6.06196260452271,4.26634979248047,2.8215000629425,-12.6658124923706,-12.718337059021,-10.7520875930786,-8.50500011444092,-17.7259502410889,-33.4609527587891,-18.7630500793457,-21.7159519195557,-19.735050201416,15.7090511322021,24.1320018768311,30.2419509887695,-4.74608755111694,1.3055624961853,2.10017490386963,0.63029998540878,-0.17049999535084,0.50641250610352,-6.75743722915649,-1.54453754425049,-0.2435124963522,-31.8250522613525,-17.4820499420166,-14.3419504165649,-26.5129508972168,-33.1159515380859,-33.5899505615234,28.3399505615234,24.7360515594482,20.5159511566162,-0.39710000157356,-2.53605008125305,-4.9519248008728,0.27156248688698,-0.61201250553131,-1.73208749294281,-1.13781249523163,-1.17988753318787,-2.02647495269775,-15.151050567627,-7.58505058288574,9.6340503692627,-45.2010040283203,-62.1820526123047,-78.142951965332,11.0580005645752,6.05505037307739,0.96495002508163,-6.66517496109009,-4.53131246566772,2.75769996643066,-2.74807500839233,-6.49852514266968,-17.8873748779297,-3.78578758239746,-8.43823719024658,-6.72650003433228,47.6430015563965,36.8269500732422,16.0000514984131,-76.8400573730469,-17.7280502319336,-5.12295007705688,3.37005019187927,14.4900007247925,5.86995029449463,10.3412370681763,13.2560997009277,14.3886871337891,-27.5153999328613,-28.90744972229,-26.4867630004883,-4.75213766098022,-4.21973752975464,-4.67692518234253,26.416051864624,30.1590023040771,27.1680011749268,-8.06205081939697,-7.0900502204895,-4.63905000686646,-1.67805004119873,0.25394999980927,4.85700035095215,11.3561248779297,6.5344123840332,4.54671239852905,-14.4853496551514,-4.63429975509644,-2.92297506332397,-7.04123735427856,-7.48261260986328,-5.93972492218018,25.1100006103516,21.82200050354,16.5480003356934,-4.8070502281189,-5.07495021820068,-1.80600011348724,3.67605018615723,0.75195002555847,0.58200001716614,3.14531254768372,2.39662504196167,3.03159999847412,-2.25417494773865,-1.49325001239777,0.54834997653961,-3.47269988059998,-1.81637501716614,-1.96501243114471,13.0950002670288,11.1880502700806,7.53795051574707,0.17595000565052,2.01104998588562,3.21495008468628,2.36400008201599,3.80595016479492,4.34505033493042,5.59267473220825,10.428825378418,12.6878128051758,1.62662494182587,4.15415000915527,7.39750003814697,-2.47623753547669,-2.22420001029968,-2.09357500076294,4.09605026245117,1.79205012321472,2.66400003433228,4.51605033874512,6.38895034790039,3.64200019836426,6.67305040359497,8.66295051574707,7.88400030136108,SWING_LEFT
1.77828752994537,1.70087504386902,1.41858744621277,3.96027493476868,5.7818751335144,7.82732486724854,-1.81348752975464,-2.36940002441406,-3.03256249427795,-3.85605025291443,-4.07895040512085,-5.06100034713745,4.37400007247925,2.26395010948181,-0.21300001442432,5.92995023727417,4.05194997787476,2.51205015182495,0.24653749167919,-2.57977509498596,-5.32317495346069,10.2405872344971,12.0041627883911,11.7081251144409,-3.88973736763,-5.50357484817505,-7.71883726119995,-6.57705020904541,-8.50800037384033,-8.54295063018799,-4.32300043106079,-6.7020001411438,-8.99400043487549,3.26895022392273,6.44700050354004,7.84395027160645,-7.7820873260498,-5.37171268463135,-2.42646241188049,6.15903759002686,2.49480009078979,0.53680002689362,-10.7206001281738,-9.63063716888428,-7.16058731079102,-11.0220003128052,-15.8629503250122,-20.4060001373291,-13.3860006332397,-15.1129503250122,-17.9920501708984,14.320050239563,19.4119510650635,20.2690505981445,-0.05871250107884,1.35973751544952,1.36675000190735,0.10656250268221,0.48551249504089,1.18799996376038,-4.33702516555786,-1.98178744316101,-0.84039998054504,-26.5969505310059,-26.6830520629883,-21.6990013122559,-18.8179512023926,-21.3379516601563,-26.3650512695313,20.6980514526367,18.8010005950928,14.9760007858276,0.342375010252,-1.44883751869202,-3.68321251869202,1.46245002746582,0.93018752336502,-0.26289999485016,-0.40672498941422,-0.51136249303818,-1.60022497177124,-16.4370002746582,-9.7069501876831,3.1840500831604,-34.2229499816895,-48.8419532775879,-70.5190505981445,12.5310001373291,10.1449508666992,8.4190502166748,-5.49573755264282,-6.10816240310669,-4.76492500305176,-1.62923753261566,-3.13444995880127,-5.62045001983643,-3.83858752250671,-6.60989999771118,-8.75434970855713,31.1670017242432,49.3720512390137,52.5210037231445,-78.0439529418945,-50.6689529418945,-23.4570007324219,11.8770008087158,17.685001373291,23.6629505157471,-0.71871250867844,5.99541234970093,13.4866876602173,-11.3701496124268,-20.4469375610352,-24.7809371948242,-8.54755020141602,-5.25524997711182,-1.76604998111725,31.1359519958496,17.9590511322021,16.1100006103516,-11.3790006637573,-5.20695018768311,-3.33900022506714,10.9669504165649,-0.1000500023365,-0.8440500497818,13.3898878097534,10.0095872879028,6.88985013961792,-19.6571369171143,-10.7023124694824,-5.80882501602173,-3.19178748130798,-5.83109998703003,-6.75798749923706,19.3309516906738,20.9790000915527,21.3690013885498,-1.9980001449585,-0.44805002212524,1.24695003032684,3.82995009422302,7.23495054244995,7.12500047683716,6.35909986495972,7.10008764266968,8.5225248336792,-1.72933745384216,0.0937749966979,1.70733749866486,-3.97237491607666,-2.43017506599426,-1.60682499408722,13.3510503768921,9.52395057678223,7.18605041503906,3.04500007629395,3.93900012969971,4.43400001525879,3.76500010490417,2.71395015716553,2.57205009460449,9.15681266784668,9.85008716583252,10.9483003616333,2.42371249198914,2.82095003128052,3.90871238708496,-1.04059994220734,-1.07648754119873,-1.40112495422363,5.81895017623901,5.98395013809204,6.21795034408569,5.25600004196167,6.2310004234314,6.1279501914978,3.88500022888184,5.76705026626587,6.8430004119873,SWING_LEFT
2.20852494239807,5.04817485809326,5.35108757019043,-4.46875,-0.96071249246597,3.1304624080658,-1.91097497940063,-4.65492486953735,-5.80854988098145,0.29595002532005,-0.84300005435944,-0.87195003032684,8.27100086212158,6.06105041503906,4.11300039291382,2.95095014572144,6.15495014190674,6.88095045089722,3.70479989051819,-0.01746249943972,-6.2066125869751,7.32338762283325,9.34463787078857,9.10016250610352,-6.25061225891113,-5.97396230697632,-5.81790018081665,-0.59895002841949,-1.44195008277893,-3.57105016708374,-0.28995001316071,-6.31605052947998,-13.3189506530762,6.33195018768311,5.40105009078979,6.48105049133301,-14.4612874984741,-18.7052249908447,-18.4705123901367,7.09568738937378,6.01768732070923,6.24167490005493,-7.16182518005371,-8.91687488555908,-8.98260021209717,-6.87600040435791,-9.97095012664795,-16.1520004272461,-19.1269512176514,-21.7110004425049,-24.6979503631592,9.6709508895874,12.72705078125,15.6109504699707,-14.4622497558594,-1.40552496910095,0.43463748693466,6.76321268081665,5.41461229324341,3.71827507019043,-7.20376253128052,1.18222498893738,2.57867503166199,-34.4650497436523,-32.3209533691406,-22.068000793457,-21.3259506225586,-35.779052734375,-47.4220504760742,25.0950012207031,20.9560508728027,20.5420513153076,0.56361252069473,-0.93651247024536,-2.6967875957489,2.20261240005493,0.62796247005463,-0.93472498655319,1.93063747882843,-0.21917499601841,-2.4919126033783,-16.2840003967285,-7.17300033569336,29.5030517578125,-59.976001739502,-78.6550521850586,-78.6409530639648,20.3890514373779,14.5740003585815,6.13395023345947,-4.17133760452271,-4.80700016021729,-3.03049993515015,-2.47554993629456,-4.37855005264282,-8.81319999694824,-5.30048751831055,-7.92316246032715,-9.11721229553223,54.4759521484375,64.9780502319336,39.4249534606934,-74.1979522705078,-33.5160026550293,-14.3820009231567,1.66695010662079,12.9570007324219,15.4909505844116,3.37150001525879,9.63833713531494,12.6204376220703,-19.9483623504639,-26.9517879486084,-27.6454753875732,-7.31279993057251,-5.13328742980957,-4.32354974746704,25.8240013122559,24.8449516296387,25.2010517120361,-7.96905040740967,-4.95600032806396,-3.99795007705688,2.57895016670227,-4.47495031356812,-2.89200019836426,13.2448253631592,10.1714248657227,6.43004989624023,-23.8845748901367,-12.5611753463745,-5.22018766403198,-4.74278736114502,-7.36133766174316,-7.8011999130249,24.7320003509521,22.9290008544922,19.0510501861572,-2.49300003051758,-0.81900006532669,-0.49605002999306,1.02795004844666,2.26800012588501,1.58295011520386,4.48937511444092,5.39962482452393,7.50406265258789,-2.28552508354187,-0.91877502202988,1.03688752651215,-4.69108724594116,-3.07766246795654,-2.50043749809265,10.0240507125854,7.88505029678345,7.62195014953613,2.33595013618469,3.17895007133484,3.63900017738342,3.41100025177002,4.51695013046265,5.10405015945435,10.1817378997803,10.709324836731,9.01697540283203,3.1099750995636,4.54327487945557,5.69360017776489,-2.16383743286133,-1.94301247596741,-1.94782495498657,8.39595031738281,7.9480504989624,6.51300048828125,3.42405009269714,3.43305015563965,3.25605010986328,5.0460000038147,6.31605052947998,8.31795024871826,SWING_LEFT
1.42037498950958,1.69853746891022,1.15087497234344,0.05403750017285,2.4418625831604,4.99207496643066,-0.22879999876022,0.00948750041425,0.22206249833107,-0.18705001473427,-0.88695001602173,-2.0550000667572,2.08695006370544,-0.29505002498627,-2.71905016899109,7.20405054092407,6.01905012130737,4.78995037078857,-0.62342500686646,-3.98502492904663,-8.14756202697754,7.49292516708374,9.63379955291748,11.5504121780396,0.32339999079704,-0.05651250109076,-1.37362504005432,-3.66000008583069,-4.78305006027222,-9.7669506072998,-4.99905014038086,-6.28200006484985,-9.14400005340576,3.7150502204895,3.5110502243042,5.64495038986206,-10.3391752243042,-10.1050128936768,-8.02229976654053,12.5138750076294,11.5773620605469,9.70763778686523,-2.83442497253418,-4.07137489318848,-4.75048732757568,-10.8499507904053,-9.6709508895874,-15.808051109314,-11.4460506439209,-17.7469501495361,-20.8849506378174,8.26995086669922,8.03505039215088,9.98205089569092,-4.14108753204346,-0.67787498235703,1.63363754749298,7.09183740615845,4.52608728408813,3.35816240310669,-3.55355000495911,-1.4745500087738,0.37441250681877,-28.9560012817383,-45.0559539794922,-43.1749534606934,-20.1949501037598,-20.896951675415,-28.935001373291,17.8879508972168,27.8230514526367,21.8040008544922,2.4094123840332,1.17713749408722,-1.28260004520416,2.62432503700256,1.79203748703003,0.82183748483658,1.30116248130798,0.81028747558594,-1.13698744773865,-30.4200019836426,-18.8200511932373,-0.12000000476837,-43.6879539489746,-66.1510543823242,-78.6550521850586,10.0930500030518,3.78705024719238,4.68900012969971,-3.61116242408752,-4.47658729553223,-3.49469995498657,-0.39888748526573,-1.96239995956421,-4.8023247718811,-3.85907506942749,-6.78851222991943,-9.19888782501221,36.4459533691406,50.0899505615234,52.501953125,-78.6550521850586,-60.9130516052246,-30.4750518798828,13.5060005187988,30.6280517578125,33.6670532226563,-0.35969999432564,5.30598735809326,9.39922523498535,-12.3013000488281,-23.3540992736816,-27.5039882659912,-8.89831256866455,-5.76908731460571,-3.57857489585876,32.1610527038574,23.8189506530762,21.8839511871338,-17.7109508514404,-6.93600034713745,-3.7150502204895,7.79295015335083,-4.51800012588501,-4.39095020294189,11.6496877670288,11.6470746994019,7.5887622833252,-26.7194118499756,-20.1338500976563,-9.89340019226074,-2.3871374130249,-3.49690008163452,-6.47569990158081,20.7709503173828,20.8330516815186,19.875,-3.26895022392273,-2.42204999923706,-0.63705003261566,0.4240500330925,5.06100034713745,7.9350004196167,3.91036248207092,4.49941253662109,8.00703716278076,-5.6808123588562,-3.56097507476807,-1.33787500858307,-7.07987499237061,-6.32431268692017,-4.0995626449585,17.0800514221191,13.7599506378174,10.8310508728027,0.6690000295639,1.43595004081726,1.51995003223419,7.92495059967041,7.17105054855347,6.39195013046265,11.7874622344971,15.3359251022339,14.974437713623,1.27146244049072,3.54461240768433,4.64791250228882,-1.49696254730225,0.59950000047684,1.95263743400574,9.21195030212402,8.57295036315918,8.37405014038086,1.82595014572144,2.92995023727417,3.66795015335083,6.8860502243042,8.18895053863525,8.21505069732666,SWING_LEFT
-1.17727494239807,-1.21192502975464,-1.54673743247986,-0.57543748617172,2.31275010108948,5.78173732757568,-0.12457499653101,0.12182500213385,-0.35365000367165,0.06300000101328,-4.77105045318604,-9.11295032501221,0.86595004796982,0.81795001029968,0.77205002307892,9.96795082092285,9.72405052185059,8.52195072174072,-2.13674998283386,-2.14444994926453,-2.32842493057251,13.0173997879028,15.2209749221802,15.1109752655029,-2.98320007324219,-4.04071235656738,-4.65203762054443,-9.97305011749268,-9.51300048828125,-9.52095031738281,-1.93995010852814,-4.46895027160645,-7.95405054092407,4.40205001831055,3.58305025100708,5.74095010757446,-2.62721252441406,-3.21749997138977,-2.95542502403259,12.7177877426147,9.16396236419678,2.53852510452271,-4.98162508010864,-5.46191263198853,-5.84498739242554,-9.7170000076294,-12.1290006637573,-23.2660503387451,-12.1789503097534,-14.0449504852295,-16.4110507965088,7.63995027542114,9.10095024108887,14.1259508132935,-1.63514995574951,0.03093750029802,1.06686246395111,1.06878745555878,0.72173750400543,0.72201251983643,-4.67486238479614,-2.62721252441406,-1.00100004673004,-31.7779521942139,-33.8680534362793,-25.0690517425537,-17.3089504241943,-20.8440017700195,-31.1809520721436,18.1849517822266,19.8790512084961,18.1849517822266,0.79928749799728,-0.83888751268387,-3.14998745918274,0.45498749613762,-0.35694998502731,-1.71077501773834,-0.38816249370575,-0.79598748683929,-2.34244990348816,-18.6259517669678,-12.081000328064,3.33000016212463,-43.326000213623,-61.1950531005859,-78.6550521850586,15.0100507736206,12.0450010299683,12.7680006027222,-4.89554977416992,-5.60615015029907,-4.31640005111694,-3.17267489433289,-4.88413763046265,-8.60282516479492,-4.56610012054443,-7.230299949646,-8.67198753356934,39.6670532226563,55.3980026245117,46.5670509338379,-78.6550521850586,-48.0799522399902,-24.8869514465332,9.49395084381104,13.5180006027222,19.5390014648438,0.77522498369217,6.48106241226196,9.77404975891113,-19.3143501281738,-27.7521743774414,-29.3864994049072,-6.64111232757568,-3.82415008544922,-2.27163743972778,24.3970508575439,20.1649513244629,21.7480506896973,-12.8059501647949,-6.00495052337646,-5.94000005722046,8.03999996185303,-0.68595004081726,-0.41805002093315,9.82657527923584,7.14120006561279,5.73883724212646,-15.9874000549316,-7.3180251121521,-4.89046239852905,-5.3299126625061,-7.33947515487671,-6.972487449646,26.1709518432617,24.2670021057129,18.9910507202148,-2.01405000686646,-1.70805013179779,-0.03600000217557,3.0130500793457,2.93400025367737,2.62695002555847,5.85103750228882,6.92463731765747,11.6407499313354,-3.64443755149841,-2.36115002632141,1.09958744049072,-5.52158737182617,-3.70191240310669,-1.73456251621246,14.6110506057739,11.5830001831055,8.65904998779297,2.03700017929077,2.9610002040863,3.43995022773743,3.81300020217896,5.05800008773804,5.23995018005371,12.5067253112793,11.7715120315552,9.24261283874512,2.63656258583069,3.8952374458313,5.01957511901855,-1.19130003452301,-1.3301750421524,-1.82558751106262,7.54305028915405,6.421950340271,5.58105039596558,4.0420503616333,5.05695009231567,5.07105016708374,4.80195045471191,5.93295049667358,7.04100036621094,SWING_LEFT
0.64116251468658,0.99577498435974,0.91409999132156,-1.47991251945496,0.16156250238419,1.7355250120163,-2.10430002212524,-1.94796252250671,-1.89997494220734,2.51100015640259,1.46205008029938,-1.04205000400543,5.80395030975342,3.67500019073486,2.43705010414124,9.17805004119873,7.82505035400391,6.69195032119751,0.38238748908043,-0.97212499380112,-3.54213738441467,3.29285001754761,4.86530017852783,6.83567476272583,-2.04366254806519,-2.21265006065369,-2.4091374874115,-3.29400014877319,-4.54095029830933,-6.02400016784668,-0.10605000704527,-4.13400030136108,-7.93995046615601,5.58495044708252,4.48095035552979,4.88595008850098,-7.84286260604858,-11.7658748626709,-12.4363250732422,9.20741271972656,10.9848747253418,11.1449251174927,-3.13334989547729,-4.52306270599365,-4.83436250686646,-7.73205041885376,-13.4220008850098,-21.4549503326416,-12.2170505523682,-17.0239505767822,-15.6010503768921,6.83295011520386,11.0359506607056,18.1380004882813,-5.45036268234253,-0.66261249780655,1.49489998817444,6.77297496795654,4.20557498931885,2.43787503242493,-3.40738749504089,-1.27215003967285,-0.2413125038147,-28.2979507446289,-37.8940505981445,-32.0389518737793,-21.4620018005371,-23.9380512237549,-36.3019523620605,21.2250003814697,27.7609519958496,27.1399517059326,1.21632504463196,-0.50008749961853,-2.94689989089966,1.43261253833771,0.53899997472763,-0.55082499980927,-0.39160001277924,-0.97033751010895,-2.79028749465942,-20.7769508361816,-8.28495025634766,21.0960006713867,-53.9980506896973,-74.8759536743164,-78.5569534301758,15.0619506835938,7.26195049285889,-1.35495007038116,-5.21290016174316,-6.18419981002808,-4.00358724594116,-1.69688749313354,-3.27951240539551,-7.58284997940063,-5.50866270065308,-8.61863708496094,-10.2111625671387,61.7160034179688,65.2170028686523,32.1160507202148,-68.9670028686523,-27.7249507904053,-9.6709508895874,-2.55900001525879,19.8190517425537,28.7590522766113,9.63105010986328,13.2206249237061,14.5866870880127,-25.811637878418,-26.8092002868652,-22.9090118408203,-6.3798623085022,-5.36538743972778,-5.5534873008728,27.5010013580322,24.961950302124,22.8109512329102,-3.43005013465881,-0.43095001578331,0.34800001978874,-4.30500030517578,-2.1739501953125,0.00705000013113,12.4532375335693,8.13821220397949,4.42488765716553,-11.5751628875732,-4.77454996109009,-3.76419997215271,-7.54462480545044,-7.95643758773804,-6.42743730545044,19.1610012054443,13.2259502410889,8.37195014953613,0.56205004453659,2.14904999732971,3.29205012321472,0.85695004463196,2.90295004844666,5.26200008392334,4.63842487335205,6.53564977645874,9.42383766174316,-2.58568739891052,-0.50572502613068,3.21983742713928,-4.5711874961853,-3.15466237068176,-2.13303756713867,5.81400012969971,4.71900033950806,3.99600028991699,3.17895007133484,3.29700016975403,4.99200010299683,6.51000022888184,6.37995052337646,6.91200017929077,12.7137994766235,7.71003723144531,3.62408757209778,10.8765249252319,10.8949499130249,9.53383731842041,-1.22691249847412,-1.59307503700256,-2.17758750915527,4.40505027770996,3.36795020103455,2.47005009651184,3.74505019187927,3.80895018577576,3.52905011177063,9.09600067138672,10.10205078125,9.93495082855225,SWING_LEFT
-0.0369874984026,0.00934999994934,0.04523750022054,-3.79747486114502,-3.21048736572266,-0.76298749446869,-1.88113749027252,-1.77512502670288,-1.38517498970032,5.24100017547607,4.49205017089844,1.85700011253357,5.11200046539307,4.32705020904541,4.389000415802,6.73695039749146,6.86895036697388,7.96605014801025,0.0314874984324,-0.23993749916553,-0.9257875084877,0.95631247758865,2.58087491989136,3.62890005111694,-1.30858755111694,-1.38242495059967,-1.64243745803833,0.80595004558563,0.54000002145767,0.62100005149841,3.92205023765564,2.63295006752014,0.80805003643036,7.74795055389404,7.58700037002563,7.52805042266846,-3.36875009536743,-4.71487474441528,-8.1716251373291,3.80778741836548,3.93717503547669,4.69548749923706,-2.63628745079041,-3.28982496261597,-4.01541233062744,-2.40705013275146,-3.07305026054382,-3.72495007514954,-1.5330001115799,-6.3139500617981,-14.4349508285522,3.53295016288757,2.01705002784729,2.3970000743866,-13.4138126373291,-12.2014751434326,-6.97839975357056,6.71247482299805,8.593337059021,7.85042476654053,-5.62773752212524,-2.26256251335144,0.49706250429153,-9.72900009155273,-43.396053314209,-41.2710037231445,-23.7610511779785,-19.534049987793,-24.8170509338379,6.99600028991699,34.2730522155762,25.2870006561279,-0.52854996919632,1.80015003681183,-2.08559989929199,5.44486236572266,2.47871255874634,-0.56980001926422,2.91472506523132,2.96477508544922,-1.24685001373291,-23.8759517669678,-17.3980503082275,-0.85995006561279,-35.25,-43.5319519042969,-73.1680526733398,18.0469512939453,12.4489507675171,13.5610504150391,-3.95381236076355,-5.20244979858398,-5.12393760681152,-1.89296245574951,-3.20897507667542,-5.56599998474121,-3.22877502441406,-5.87839984893799,-8.15127468109131,25.5850505828857,46.222053527832,49.3189506530762,-78.4060516357422,-51.294002532959,-23.1910514831543,10.1550006866455,11.3860502243042,9.97305011749268,2.78533744812012,8.07454967498779,10.6876001358032,-19.5738124847412,-24.6399993896484,-24.6629619598389,-6.78095006942749,-4.74237489700317,-4.68765020370483,21.1950016021729,24.6360015869141,25.4530506134033,-5.13495016098022,-3.66495013237,-2.87205004692078,0.16500000655651,-1.63695013523102,0.83805006742477,11.0983123779297,8.43466281890869,5.91580009460449,-20.0362243652344,-10.7672128677368,-4.58727502822876,-6.29089975357056,-8.26649951934814,-8.23542499542236,21.7570514678955,18.1979999542236,14.8909511566162,-1.51395010948181,-0.61095005273819,0.5830500125885,3.98505020141602,5.34105014801025,5.58300018310547,5.2662501335144,5.88981246948242,7.11081266403198,-1.88952493667603,-0.13681249320507,1.4695999622345,-6.45919990539551,-3.83308744430542,-2.00090003013611,12.07200050354,9.85200023651123,8.0149507522583,1.64400005340576,1.82895004749298,1.88595008850098,5.68305015563965,4.94295024871826,4.71795034408569,8.35161209106445,9.80732536315918,9.36388778686523,2.92421245574951,4.62687492370605,4.93583726882935,-0.95851248502731,0.10161250084639,0.07906249910593,6.97305011749268,6.00300025939941,5.91195011138916,3.10500025749207,4.65705013275146,4.59000015258789,5.13000011444092,5.46495008468628,6.44700050354004,SWING_LEFT
2.02344989776611,2.77736258506775,3.12083745002747,-1.74198746681213,-0.39765000343323,0.7732999920845,-1.79753744602203,-1.81761252880096,-1.85308754444122,0.99000006914139,1.66305005550385,0.70500004291534,7.27500057220459,6.87195014953613,5.36595010757446,5.72400045394897,6.02400016784668,5.97600030899048,3.05566239356995,2.54608750343323,1.34516251087189,2.33901238441467,4.46531248092651,5.76578760147095,-1.78145003318787,-1.58468747138977,-1.55773746967316,-2.13000011444092,-3.35805010795593,-2.23995018005371,5.4810004234314,5.40705013275146,3.93600010871887,6.25605010986328,6.50505018234253,6.33000040054321,0.01347499992698,-4.35063743591309,-7.06406259536743,5.82491254806519,3.14544987678528,2.15008759498596,-1.91963744163513,-3.54887509346008,-4.43808746337891,-1.66695010662079,-3.40095019340515,-6.40005016326904,1.63905012607574,-4.97505044937134,-7.96095037460327,6.27000045776367,8.05695056915283,8.22900009155273,-9.86878776550293,-11.6675624847412,-8.51688766479492,2.62487506866455,3.46472501754761,4.78458738327026,-5.17921257019043,-5.81281232833862,-3.44313740730286,-9.5110502243042,-14.6269502639771,-42.9139518737793,-12.246000289917,-16.0759506225586,-18.0919513702393,10.252950668335,14.7460508346558,22.7479515075684,-5.42643737792969,-3.07656240463257,-2.67519998550415,5.04666233062744,4.7042875289917,3.73752498626709,-0.85882496833801,1.01859998703003,1.01076245307922,-40.045051574707,-27.553050994873,-12.3589506149292,-25.5499515533447,-37.6210517883301,-54.4219512939453,15.5149507522583,6.7900505065918,1.52295005321503,-4.53144979476929,-4.73220014572144,-3.07958745956421,0.89306247234344,-1.54013752937317,-7.0709376335144,-4.93020009994507,-8.74252510070801,-10.9212121963501,45.8370018005371,53.9820022583008,35.5860023498535,-68.2819519042969,-30.961051940918,-14.6170511245728,9.19905090332031,29.0920505523682,29.2819519042969,1.02960002422333,9.34133720397949,11.0160875320435,-14.9784250259399,-22.1887874603271,-18.62451171875,-10.1041870117188,-5.44500017166138,-4.83271265029907,21.5590515136719,18.8449516296387,20.1649513244629,-9.72600078582764,-2.3689501285553,-1.07295000553131,8.53800010681152,-7.52400016784668,-4.51095008850098,9.84829998016357,6.21609973907471,0.03973750025034,-11.8508501052856,-7.8368124961853,-4.87602519989014,-6.08960008621216,-7.01153755187988,-6.29323768615723,20.2800006866455,16.7179508209229,11.5330505371094,0.03000000119209,2.88000011444092,5.05005025863647,-0.43995001912117,3.1039502620697,4.69905042648315,0.22220000624657,3.363112449646,8.0220251083374,-2.49411249160767,1.56777501106262,5.88898754119873,-5.45324993133545,-4.85911226272583,-3.7725875377655,9.47294998168945,7.33695030212402,4.86300039291382,4.72905015945435,4.29795026779175,4.15395021438599,4.56494998931885,4.98600006103516,6.28500032424927,12.0458250045776,9.74971199035644,5.78833723068237,10.8285369873047,11.5344619750977,11.2716999053955,-0.67430001497269,0.0576125010848,-0.00577499996871,1.35195004940033,1.3900500535965,0.75300002098083,4.3289999961853,2.82195019721985,1.96305012702942,8.96895027160645,8.97900009155273,8.94495010375977,SWING_LEFT
1.65962493419647,2.67327499389648,3.85728740692139,-3.61625003814697,-2.66475009918213,-0.62260001897812,-2.58197498321533,-3.22052502632141,-3.59438753128052,1.01400005817413,-1.07295000553131,-1.7940000295639,7.51905012130737,6.27105045318604,4.4800500869751,3.35295009613037,3.68595027923584,4.96695041656494,4.86695003509521,3.62257504463196,-0.70028752088547,3.47490000724792,7.78167486190796,8.66731262207031,-3.39391255378723,-2.61676239967346,-1.96198749542236,-0.58005005121231,3.42600011825562,3.30600023269653,3.95805025100708,-0.75195002555847,-9.07005023956299,8.56500053405762,10.1620502471924,9.91500091552734,-7.63991260528564,-14.1483373641968,-16.6751747131348,8.15938758850098,6.31688737869263,4.39147520065308,-1.38380002975464,-2.03101253509521,-3.73230004310608,-2.33100008964539,-7.24095010757446,-7.90395021438599,-12.562050819397,-11.803050994873,-15.3670511245728,11.122950553894,11.4990005493164,8.71305084228516,-15.8829002380371,-11.6535377502441,-6.06265020370483,5.88032484054565,8.81938743591309,10.4214000701904,-5.07705020904541,-5.21578741073608,-2.33213758468628,-14.5570507049561,-31.2649517059326,-48.4320030212402,-18.6889514923096,-14.7540006637573,-12.961950302124,9.19695091247559,17.7540016174316,23.0380516052246,-0.60348749160767,-0.20913749933243,-1.49338746070862,8.66126251220703,5.59913730621338,2.50236248970032,3.40779995918274,3.46775007247925,0.58987498283386,-23.6800518035889,-15.4429512023926,-1.10895001888275,-34.9290008544922,-47.4379539489746,-63.5760040283203,9.07500076293945,11.3020505905151,8.06895065307617,-3.23331236839294,-4.34128761291504,-4.18921232223511,0.24571250379086,-1.6411999464035,-4.63938760757446,-3.41494989395142,-7.29341268539429,-10.2129497528076,24.8539505004883,42.775951385498,46.7160034179688,-75.3259506225586,-46.9020004272461,-21.5220012664795,3.76500010490417,11.2369508743286,20.8699512481689,-1.70527493953705,3.63082504272461,8.35229969024658,-11.4413747787476,-19.7779998779297,-23.4561252593994,-10.7516746520996,-8.50973701477051,-5.49477481842041,32.1160507202148,17.3190002441406,14.6629505157471,-12.0979509353638,-9.39795017242432,-3.28905010223389,20.1880512237549,10.6120500564575,1.43205010890961,11.8648748397827,9.31328773498535,6.67617511749268,-16.7862739562988,-8.72341251373291,-5.12338733673096,-4.42598724365234,-5.92913722991943,-6.17718744277954,19.9200000762939,20.461950302124,18.6150016784668,-2.45505023002625,-0.45105001330376,0.61905002593994,-0.86100006103516,1.91805005073547,5.43705034255981,4.70676231384277,3.95202493667603,5.11637496948242,-4.01802492141724,-3.20265007019043,-1.47358751296997,-5.51237487792969,-4.09103727340698,-2.81929993629456,15.328950881958,12.2869501113892,10.0840501785278,1.54800009727478,2.24295020103455,2.51595020294189,7.68795013427734,7.91595029830933,7.08495044708252,7.85276222229004,10.586950302124,11.7210502624512,1.08212494850159,3.61308741569519,5.01861238479614,-1.79121243953705,-0.33096250891685,0.88646250963211,9.03705024719238,8.63505077362061,7.52400016784668,2.69595003128052,3.83295011520386,4.97295045852661,5.58495044708252,4.3759503364563,3.95400023460388,SWING_LEFT
-0.79474997520447,-1.71916246414185,-3.11987495422363,-1.6776374578476,-0.83654999732971,0.76559996604919,-1.31449997425079,-0.57365000247955,0.36753749847412,4.28595018386841,0.82500004768372,-1.97595012187958,-0.83895003795624,-3.42495012283325,-2.52495002746582,6.24900007247925,7.25505018234253,7.00305032730103,-6.43582487106323,-6.94553756713867,-6.05041265487671,6.80844974517822,10.7284374237061,12.6266250610352,0.93211251497269,0.05266249924898,-1.18236243724823,-6.27105045318604,-8.11695003509521,-9.37695026397705,-3.1429500579834,-4.61100006103516,-6.3139500617981,9.19005012512207,12.082950592041,11.5200004577637,-4.46379995346069,-3.07257509231567,-2.78987503051758,12.6968870162964,10.9202499389648,8.34501266479492,-1.68492496013641,-1.61535000801086,-1.13135004043579,-10.885950088501,-14.7660007476807,-22.7869510650635,-8.61000061035156,-13.1110506057739,-16.9399509429932,8.36100006103516,6.2989501953125,9.95595073699951,-2.96972489356995,-2.87801241874695,-2.71191239356995,6.32788753509521,4.51316261291504,3.05593752861023,-0.36011248826981,0.1898874938488,0.16073749959469,-34.1370010375977,-34.0240516662598,-23.931001663208,-18.3370513916016,-23.5099506378174,-30.8719520568848,21.8500518798828,24.6180019378662,17.8120517730713,-2.03609991073608,-1.64174997806549,-2.35757493972778,1.64917504787445,0.51163750886917,-0.25038748979568,-0.434087485075,-1.53505003452301,-3.07848739624023,-17.3640003204346,-12.2959508895874,-1.42995011806488,-36.6820526123047,-45.8860511779785,-59.9500541687012,15.9510011672974,9.52005004882812,2.75400018692017,-3.31801247596741,-4.3306999206543,-0.88453751802444,-1.08624994754791,-2.60713744163513,-13.2930870056152,-4.97626256942749,-7.35391235351563,-8.8026123046875,25.0390510559082,48.9649505615234,31.7760009765625,-66.2369995117188,-45.5059509277344,-9.57300090789795,2.65395021438599,14.9310007095337,22.5229511260986,3.95106244087219,8.43149948120117,10.965350151062,-19.1818008422852,-21.4702129364014,-19.4378242492676,-6.98018741607666,-4.83546257019043,-3.85178756713867,23.3119506835938,16.7920513153076,14.4670505523682,-6.98895025253296,-4.19895029067993,-1.31505000591278,6.84705018997192,-4.01100015640259,-8.52000045776367,10.6013870239258,8.24009990692139,4.6553373336792,-13.4025373458862,-8.16681289672852,-6.59614992141724,-4.93157482147217,-6.26504993438721,-6.63973760604858,15.5850009918213,15.5020503997803,12.8100004196167,0.81105005741119,1.92900013923645,3.22200012207031,-6.17595052719116,-0.7870500087738,3.52995014190674,1.16324996948242,-0.88068747520447,5.34118747711182,-6.31441259384155,-5.16120004653931,3.76557493209839,-6.19533729553223,-5.79892492294312,-5.95306253433228,9.72495079040527,7.40205049514771,8.03595066070557,4.50405025482178,6.14895009994507,7.60500049591064,5.37900018692017,4.68495035171509,3.18300008773804,11.4695625305176,15.1321496963501,14.7805624008179,9.53108787536621,13.2301120758057,14.1389875411987,-4.78293752670288,-2.95006251335144,-1.10027503967285,6.79305028915405,4.19204998016357,2.69100022315979,6.82200050354004,6.25005006790161,4.99995040893555,5.02995014190674,7.86000061035156,8.95305061340332,SWING_LEFT
-0.50435000658035,-0.16596250236034,0.41566249728203,2.24661254882813,4.34390020370483,6.87156248092651,-0.68873751163483,-0.83531248569489,-2.20536255836487,-0.68805003166199,-2.36400008201599,-3.24600005149841,4.09395027160645,4.28295040130615,1.02600002288818,10.3579502105713,8.50695037841797,4.84305000305176,0.22495000064373,-0.69244998693466,-2.91857504844666,7.32792472839355,7.91931247711182,8.43741226196289,-2.75371241569519,-3.0940248966217,-3.57788753509521,-4.46700000762939,-6.43095016479492,-8.8210506439209,-2.42400002479553,-4.8139500617981,-5.49900007247925,3.97095012664795,5.64495038986206,9.50595092773438,-5.8188624382019,-5.14373731613159,-3.13610005378723,6.65733766555786,4.57723760604858,2.08436250686646,-4.59525012969971,-4.59140014648438,-4.29715013504028,-12.1620006561279,-10.0140008926392,-5.28600025177002,-3.61905026435852,-6.12405014038086,-12.4420509338379,16.8780002593994,15.3070507049561,12.9709510803223,-1.51318752765656,-1.18538749217987,-1.87027502059937,0.06008749827743,-0.48028749227524,-0.15950000286102,-4.05735015869141,-3.70947504043579,-3.08948755264282,-7.31505012512207,-14.8780508041382,-24.9300003051758,-15.8910007476807,-18.316951751709,-18.1500015258789,12.0109510421753,12.7699508666992,15.9250507354736,-2.84762501716614,-3.58118748664856,-4.22523736953735,0.61448746919632,1.3894374370575,1.67667496204376,-1.83328747749329,-0.49527499079704,0.10876250267029,-29.9449520111084,-24.1759510040283,-16.2940502166748,-20.4970512390137,-30.0670509338379,-43.911003112793,19.7179508209229,15.8050508499146,9.69705009460449,-4.95041227340698,-5.42630004882813,-4.96718740463257,0.68928748369217,-0.62067496776581,-4.20364999771118,-2.64797496795654,-5.71298742294312,-8.55318737030029,24.6390018463135,51.6589508056641,57.0070533752441,-77.2590026855469,-48.7009506225586,-18.0199508666992,-2.00100016593933,1.86105012893677,21.4159507751465,-1.41446244716644,8.30224990844727,11.1311750411987,-12.9324245452881,-22.4845504760742,-20.488187789917,-9.59860038757324,-7.08949995040894,-6.36707496643066,34.2310523986816,11.3050508499146,11.5620002746582,-5.68095016479492,3.52905011177063,3.53595018386841,24.0510005950928,2.18400001525879,-0.69600003957748,11.0291500091553,9.18417453765869,7.54407501220703,-11.949987411499,-4.06628751754761,-1.00141251087189,-7.68652486801147,-8.80990028381348,-8.81540012359619,13.8130502700806,14.5870504379272,12.5269508361816,2.01300001144409,2.30295014381409,3.28500008583069,0.56805002689362,4.99095010757446,9.89400005340576,4.67197513580322,3.95271253585815,4.31777477264404,0.82059997320175,2.28346252441406,4.82088756561279,-4.48566246032715,-1.45749998092651,1.24080002307892,8.56800079345703,6.93900012969971,5.66295003890991,1.77795004844666,2.2020001411438,2.17095017433167,11.9440507888794,11.9700002670288,10.8780002593994,5.21399974822998,4.87836265563965,3.94762492179871,7.47573757171631,8.18372535705566,7.36436223983765,3.67386245727539,4.48745012283325,3.99808740615845,4.77405023574829,3.57000017166138,3.08805012702942,1.95795011520386,2.63295006752014,3.08805012702942,10.0380001068115,9.93195056915283,9.67800045013428,SWING_LEFT
-2.68276238441467,-3.31099987030029,-3.69985008239746,5.25937509536743,8.45088768005371,11.5281372070313,1.55883753299713,1.15843749046326,-0.10037499666214,-8.83995056152344,-10.5070505142212,-9.528000831604,-2.14394998550415,-1.39695012569427,-1.92300009727478,8.93100070953369,7.14000034332275,5.01000022888184,-3.33025002479553,-2.6168999671936,-2.08216238021851,13.9924125671387,15.0580377578735,13.9302625656128,-1.61163747310638,-2.43869996070862,-2.61827492713928,-8.41200065612793,-7.32900047302246,-8.34705066680908,-3.41100025177002,-7.03200054168701,-10.7659502029419,4.33305025100708,5.34105014801025,5.77905035018921,-1.91413748264313,-2.15173745155334,-1.86793744564056,11.0782375335693,7.35446262359619,3.71662497520447,-2.82493758201599,-3.3900625705719,-3.86636257171631,-12.5839509963989,-18.4230003356934,-24.5470504760742,-14.2480506896973,-17.2300510406494,-17.7739505767822,8.49495029449463,14.2480506896973,20.9520015716553,-0.88811248540878,0.21862499415874,0.62273746728897,1.31202495098114,0.1922249943018,-0.21944999694824,-3.62367486953735,-2.59407496452332,-1.21027493476868,-28.6900520324707,-23.1750011444092,-15.7789506912231,-17.1649513244629,-21.8599510192871,-27.3709506988525,22.9369506835938,16.8199501037598,10.0690507888794,-0.19318750500679,-1.95318746566772,-3.88561248779297,-0.43986248970032,-0.93362498283386,-1.75422501564026,-0.51507496833801,-1.02272498607636,-2.36183738708496,-8.99805068969727,-4.14105033874512,3.34905004501343,-34.8790512084961,-44.2890014648438,-56.1060028076172,7.14195013046265,7.80105018615723,8.22000026702881,-5.35713768005371,-5.98276233673096,-0.28201249241829,-2.79468750953674,-4.3975248336792,-14.8747501373291,-4.51068735122681,-6.83443737030029,-7.482337474823,20.1289501190186,42.1630516052246,31.3210506439209,-67.399055480957,-54.0630035400391,-11.5590009689331,7.97805023193359,13.3590002059937,24.0649509429932,4.77592515945435,8.6645622253418,10.4695253372192,-19.0679492950439,-20.1361865997314,-17.3830242156982,-5.41309976577759,-3.35967493057251,-2.62968754768372,18.0520515441895,14.0959510803223,13.7100009918213,-6.67005014419556,-3.51405024528503,-1.41795003414154,11.7070503234863,2.37600016593933,0.01695000007749,9.84802532196045,8.48883724212646,6.60549974441528,-10.9522876739502,-6.36308765411377,-4.60487508773804,-3.88698744773865,-5.3766622543335,-6.1403374671936,17.1229515075684,19.5010509490967,18.1410007476807,-0.60900002717972,0.37200000882149,1.62000012397766,0.26595002412796,2.05305004119873,4.74495029449463,4.05968761444092,2.47994995117188,4.40728759765625,-4.23128747940063,-3.55396246910095,0.1907124966383,-6.21417474746704,-5.36772489547729,-3.24788737297058,14.1580505371094,10.771050453186,7.01595020294189,3.33495020866394,4.04595041275024,4.61895036697388,6.46905040740967,5.82195043563843,4.07400035858154,8.47770023345947,11.9645624160767,12.8930997848511,3.30329990386963,6.02098751068115,7.90294981002808,-1.72920000553131,-0.04798749834299,0.96291249990463,5.40195035934448,4.39305019378662,4.01295042037964,4.3289999961853,4.0969500541687,4.25505018234253,4.82595014572144,6.41400051116943,8.22195053100586,SWING_LEFT
-0.24144999682903,-1.08446252346039,-2.23286247253418,4.41127490997314,5.40759992599487,5.97836256027222,-2.7054500579834,-2.97646260261536,-3.27676248550415,-2.98695015907288,-3.08805012702942,-2.70900011062622,3.73995018005371,2.56605005264282,1.02404999732971,6.02595043182373,6.62895011901855,7.37400054931641,-3.5708749294281,-4.96553754806519,-6.11668729782104,5.57191228866577,4.32245016098022,2.95253753662109,-3.66286253929138,-4.11840009689331,-4.50408744812012,-2.64900016784668,-3.6910502910614,-5.48700046539307,-0.82200002670288,-2.2540500164032,-3.49005007743835,7.92795038223267,8.22705078125,8.1340503692627,-6.90084981918335,-7.10599994659424,-5.42135000228882,1.87742495536804,1.60998749732971,2.22873759269714,-4.7247748374939,-4.65781259536743,-3.77176237106323,-7.38195037841797,-9.21405029296875,-13.3530006408691,-5.04900026321411,-7.30305051803589,-11.1060009002686,9.40500068664551,12.4369506835938,16.7749500274658,-3.95436239242554,-2.47376251220703,-1.09078752994537,2.47321248054504,2.43732500076294,2.33406257629395,-3.0772500038147,-2.44860005378723,-1.80496251583099,-16.2270011901855,-20.7220516204834,-23.461950302124,-13.7329502105713,-14.7750005722046,-16.9590015411377,17.9629516601563,22.678050994873,23.1240005493164,-0.56086248159409,-0.82953751087189,-2.07102489471436,2.11103749275208,1.67887496948242,1.06081247329712,-1.26981246471405,-0.74813747406006,-0.56292498111725,-25.1430015563965,-26.3479518890381,-13.6210508346558,-22.0110015869141,-33.3340530395508,-56.1970520019531,21.4590015411377,20.976001739502,12.246000289917,-4.36012506484985,-8.07234954833984,-6.86936235427856,0.19236250221729,-2.92888736724854,-10.2309627532959,-1.6964750289917,-7.20926237106323,-8.78514957427979,18.6889514923096,43.8610534667969,34.2810020446777,-74.943000793457,-28.173002243042,-16.2220516204834,-4.20000028610229,-1.17300009727478,15.9130506515503,-0.42460000514984,4.17724990844727,8.62895011901855,-24.7788753509521,-28.4174003601074,-20.8599872589111,-7.79019975662232,-7.02886247634888,-8.04265022277832,21.8170509338379,23.9920520782471,20.7709503173828,-3.38895010948181,-5.76495027542114,-1.45200002193451,16.525951385498,5.22600030899048,2.31405019760132,6.26298761367798,5.93958759307861,5.36304998397827,-5.44706249237061,-0.76669996976852,-0.0196624994278,-9.53851222991943,-8.62207508087158,-6.85162496566772,19.6039505004883,17.0890502929688,13.6930503845215,0.24795001745224,0.94005006551743,2.91795015335083,3.95205020904541,5.16405010223389,5.77695035934448,3.7367000579834,2.95061254501343,3.24775004386902,-0.4809750020504,-0.42913749814034,0.4296875,-4.66303730010986,-3.57802486419678,-3.11217498779297,11.6119508743286,9.59295082092285,6.51495027542114,3.40695023536682,3.6540002822876,4.97100019454956,5.25495004653931,4.94295024871826,5.08500003814697,5.19942474365234,8.72341251373291,9.53562450408936,2.47101259231567,5.27285003662109,9.06826210021973,-2.5278000831604,-1.87756252288818,-0.33591249585152,4.00500011444092,2.60895013809204,2.81295013427734,5.6100001335144,5.56500005722046,4.25699996948242,6.10305023193359,7.32405042648315,8.68695068359375,SWING_LEFT
-2.33406257629395,-2.51116251945496,-2.12052488327026,-6.29942512512207,-5.93381261825562,-4.90338754653931,-3.8373498916626,-3.66107487678528,-3.06322503089905,13.818000793457,10.9489507675171,7.41105031967163,4.40100002288818,4.35795021057129,3.79500007629395,9.71895027160644,9.3720006942749,9.40305042266846,-0.41717499494553,0.36616250872612,0.24901250004768,-0.97308748960495,1.455162525177,3.96522498130798,-1.22058749198914,-0.41676250100136,0.22714999318123,0.7579500079155,-1.399050116539,-4.43400001525879,2.19300007820129,-0.45105001330376,-3.54300022125244,8.83800029754639,6.48795032501221,4.65405035018921,-4.36933755874634,-7.5193247795105,-8.88772487640381,11.7442874908447,15.7429246902466,17.6445503234863,1.02726244926453,-0.32202500104904,-2.27768754959106,-11.3170509338379,-13.3810510635376,-15.2659511566162,-8.9839506149292,-12.1500005722046,-15.1270503997803,5.81505012512207,5.29305028915405,6.15300035476685,-8.18647480010986,-0.64652502536774,1.53890001773834,16.2415008544922,6.55270004272461,2.83800005912781,-3.93896245956421,-2.63972496986389,-0.86597502231598,-19.7830505371094,-33.5550003051758,-30.1200008392334,-17.8650016784668,-18.6529502868652,-22.5949516296387,16.1689510345459,21.9430503845215,18.271951675415,2.1764874458313,1.22182500362396,-0.50792497396469,0.86157500743866,0.46639999747276,0.30126249790192,0.00604999996722,-0.45925000309944,-1.78392493724823,-21.0430507659912,-14.1810007095337,-6.54105043411255,-29.5999507904053,-39.3120002746582,-51.3019523620605,10.9210500717163,4.82100009918213,3.60705018043518,-4.10038757324219,-4.60913753509521,-3.03600001335144,-0.5295125246048,-2.51982498168945,-8.19596290588379,-6.32472515106201,-8.64050006866455,-9.42411231994629,30.4440021514893,40.4290504455566,34.2739524841309,-59.6749534606934,-34.0240516662598,-16.2220516204834,12.1690502166748,23.7060012817383,24.621000289917,1.386549949646,5.95979976654053,9.07733726501465,-16.7459869384766,-21.8270244598389,-22.6762256622314,-7.61969995498657,-4.89774990081787,-3.03943753242493,20.650951385498,14.1820507049561,15.2520008087158,-10.1740503311157,-5.24295043945313,-1.63095009326935,10.4040002822876,0.85305005311966,-2.32200002670288,10.4434003829956,9.19998741149902,6.78163766860962,-18.5277118682861,-11.0787878036499,-6.91102504730225,-3.27841258049011,-5.34118747711182,-6.85904979705811,18.9100513458252,20.8189506530762,20.356050491333,-1.86795008182526,0.00105000007898,1.92000007629395,-0.82005006074905,3.20505023002625,6.04305028915405,3.61762499809265,5.23558759689331,9.55088710784912,-4.01541233062744,-2.11901259422302,0.68970000743866,-6.43279981613159,-4.77262496948242,-2.77076244354248,13.7719507217407,10.6680002212524,8.3569507598877,3.77100014686584,4.01505041122437,4.36199998855591,5.33400011062622,4.71795034408569,5.31495046615601,15.2726745605469,17.7607364654541,15.9993619918823,3.90637493133545,6.15298748016357,7.0940375328064,-0.45182499289513,1.38421249389648,1.83548748493195,7.25805044174194,7.28205013275146,7.03005027770996,4.60200023651123,4.04400014877319,3.81600022315979,6.91200017929077,8.15700054168701,8.9209508895874,SWING_LEFT
1.16228747367859,0.38898751139641,-1.36303746700287,10.2487001419067,11.6165494918823,11.199649810791,0.42198750376701,-0.35681250691414,-1.8825124502182,-5.57100009918213,-5.58600044250488,-7.15005016326904,-1.08795011043549,-2.78295016288757,-6.63705015182495,5.14695024490356,5.80800008773804,9.36705017089844,-3.29202508926392,-4.71446228027344,-4.92126226425171,9.5060625076294,7.40437507629395,5.48913764953613,-3.56633758544922,-4.9296498298645,-5.57548761367798,-8.59605026245117,-10.8709506988525,-12.0670509338379,-8.0710506439209,-9.11100006103516,-10.3870506286621,10.2220506668091,10.3969507217407,9.93495082855225,-4.00633764266968,-2.83167505264282,-1.65164995193481,4.04607486724854,3.02238750457764,2.13606238365173,-5.35906267166138,-4.62302494049072,-3.00217509269714,-11.9400005340576,-11.6089506149292,-18.3610515594482,-12.247950553894,-15.0100507736206,-19.6609516143799,9.65205001831055,8.54100036621094,12.7459506988525,-1.2725625038147,-0.72146248817444,-0.21449999511242,2.03719997406006,1.94974994659424,1.63927495479584,-1.91729998588562,-0.75721251964569,-0.25382500886917,-28.5870018005371,-29.3389511108398,-22.2670516967773,-18.6570014953613,-23.0239505767822,-32.1940498352051,18.5400009155273,20.2950000762939,13.5649509429932,-0.35859999060631,-1.46863746643066,-3.30742502212524,1.2754499912262,0.77247500419617,0.24639999866486,-0.21986250579357,-1.19693744182587,-3.34179997444153,-17.7040500640869,-8.19600009918213,22.4299507141113,-46.3180503845215,-71.484001159668,-78.5260543823242,5.52105045318604,-0.61200004816055,-8.66895008087158,-4.97007513046265,-4.7265625,4.97639989852905,-0.45993748307228,-3.12441253662109,-16.1834754943848,-6.45067501068115,-9.98483753204346,-8.74720001220703,73.4470520019531,57.9990043640137,13.0369510650635,-60.610954284668,-22.2240009307861,-5.43195009231567,3.66900014877319,46.525951385498,9.59700012207031,9.69649982452393,12.8110122680664,12.8312253952026,-19.9454746246338,-19.2780494689941,-12.644362449646,-6.08217477798462,-3.89853739738464,-4.31406259536743,11.0520009994507,12.3660001754761,20.5530014038086,0.61695003509521,-0.75000005960464,-1.40400004386902,-1.65900003910065,-1.79505014419556,2.68005013465881,11.8945751190186,8.5866003036499,4.55386257171631,-5.17439985275269,-2.8967125415802,-3.14338755607605,-5.12201261520386,-5.90700006484985,-5.91029977798462,22.2940502166748,17.8270511627197,12.35205078125,0.90405005216599,3.04305005073547,4.40805006027222,8.75594997406006,11.7000007629395,10.3440008163452,3.07697486877441,2.34533739089966,9.82464981079102,-2.56588745117188,-1.93435001373291,6.14143753051758,-4.40371227264404,-3.15892505645752,1.94892501831055,8.98695087432861,6.04605007171631,0.36705002188683,3.69405007362366,2.85105013847351,4.76505041122437,8.51205062866211,7.01505041122437,5.68605041503906,12.2025747299194,12.368124961853,10.2789497375488,8.59099960327148,10.2649250030518,11.097487449646,4.20419979095459,4.69369983673096,3.80751252174377,-0.22305001318455,0.1950000077486,-0.31395000219345,5.08095026016235,3.71805024147034,2.92995023727417,6.46905040740967,7.82895040512085,10.0519504547119,SWING_LEFT
-0.83558750152588,-0.55206251144409,-1.30735003948212,0.31116250157356,2.94744992256165,5.72151231765747,0.52016252279282,1.51236248016357,2.2016499042511,-0.28500002622604,-2.69700002670288,-4.70700025558472,-2.43105006217957,-4.69200038909912,-7.588050365448,10.4950504302979,9.30495071411133,7.6279501914978,-3.32144999504089,-5.98193740844727,-7.66012477874756,8.605712890625,11.6290626525879,14.0986995697021,2.43952488899231,2.04352498054504,1.03331243991852,-6.49095010757446,-9.54495048522949,-12.1480503082275,-11.0370006561279,-14.22705078125,-15.9610509872437,5.48700046539307,5.23095035552979,6.44700050354004,-7.73698759078979,-6.3874249458313,-3.90018749237061,14.8330869674683,13.5108871459961,10.6232500076294,-0.22439999878407,-1.37692499160767,-1.32934999465942,-13.5589504241943,-18.8970012664795,-34.6849517822266,-20.3320503234863,-24.2620506286621,-22.4100017547607,7.82895040512085,10.1550006866455,16.090051651001,-1.35574996471405,0.46351251006126,1.38324999809265,7.12483739852905,4.18508768081665,2.28923749923706,0.35254999995232,1.75161254405975,2.02276253700256,-42.6079521179199,-25.9890003204346,-13.864951133728,-20.181001663208,-27.5959510803223,-33.6000022888184,22.1110515594482,16.7220001220703,11.4630002975464,1.47867500782013,0.87835001945496,-0.28902500867844,1.00058746337891,0.20377500355244,-0.2398000061512,1.09436249732971,-0.91657501459122,-2.85133743286133,-11.0440502166748,-11.8920001983643,-6.24195051193237,-37.3240509033203,-44.1600036621094,-60.3670539855957,12.6360006332397,12.0970506668091,6.67995023727417,-1.84745001792908,-3.4152250289917,-3.71538758277893,-0.84205001592636,-1.98192501068115,-5.37281227111816,-4.90380001068115,-7.3064751625061,-9.23958778381348,16.3519515991211,52.7659530639649,58.1430015563965,-76.5930023193359,-56.0370025634766,-23.086051940918,1.72395002841949,3.89400029182434,19.3470001220703,-0.3106124997139,5.12118768692017,9.21263790130615,-14.2221746444702,-21.8334865570068,-24.7752990722656,-9.121337890625,-6.88696241378784,-5.0106372833252,33.1219520568848,24.8280010223389,22.3270511627197,-9.78600025177002,-5.97600030899048,-3.57405018806458,21.1549510955811,4.23900032043457,-2.43495011329651,11.2501125335693,10.0790252685547,7.83296251296997,-23.1584377288818,-14.7108497619629,-6.67466259002686,-4.69713735580444,-6.68305015563965,-8.45308780670166,23.439001083374,23.9389514923096,21.0240001678467,-1.83705008029938,1.27005004882813,2.96595025062561,-1.29705011844635,2.2110002040863,4.30395030975342,5.81405019760132,3.50212502479553,3.64182496070862,-3.46280002593994,-2.67794990539551,-1.46272504329681,-8.37526226043701,-7.0086498260498,-4.76492500305176,14.896050453186,8.9370002746582,3.706050157547,3.06195020675659,2.77500009536743,4.10400009155273,4.29195022583008,5.11800003051758,6.89295053482056,10.9502248764038,14.4482250213623,13.9585876464844,4.7826623916626,9.09589958190918,12.0258874893188,-1.81610000133514,-0.81028747558594,-0.68103748559952,3.03300023078919,2.05395007133484,0.30300000309944,5.04705047607422,4.74600028991699,5.03505039215088,6.33495044708252,6.55995035171509,7.6690502166748,SWING_LEFT
-1.88471245765686,-2.35400009155273,-2.83634996414185,4.63471269607544,4.81387519836426,5.59157514572144,-3.74302506446838,-3.49552488327026,-2.62680006027222,-6.43605041503906,-10.2390003204346,-14.3350505828857,-5.29305028915405,-6.22005033493042,-5.70795011520386,9.20595073699951,9.81195068359375,10.3849506378174,-2.90001249313354,-2.66144990921021,-1.92706251144409,6.07241249084473,5.81185007095337,4.80081224441528,-1.50961244106293,-0.57818752527237,0.00206249998882,-16.7849998474121,-17.7160511016846,-16.219051361084,-6.74700021743774,-8.5890007019043,-10.9240503311157,11.0479507446289,13.4740505218506,14.6460008621216,-1.30542504787445,-0.94641250371933,-0.51204997301102,3.23839998245239,1.82599997520447,0.6543624997139,-0.16307500004768,-0.77522498369217,-1.62621247768402,-12.5190010070801,-10.4400005340576,-9.42000007629394,-13.4320507049561,-14.0040006637573,-13.6570510864258,14.1379508972168,13.9060506820679,13.8769502639771,-0.33137500286102,-0.38967499136925,-1.07497501373291,-0.20762500166893,-0.93500000238419,-2.2346498966217,-2.53055000305176,-3.24307489395142,-3.67840003967285,-7.74795055389404,-5.03700017929077,-6.89100027084351,-13.0890007019043,-15.0670509338379,-18.2890510559082,12.3660001754761,12.0760507583618,12.6649503707886,-1.78048753738403,-3.10928750038147,-4.70511245727539,-2.56066250801086,-2.7885000705719,-3.09993743896484,-2.927649974823,-2.31426239013672,-2.4282500743866,-5.42505025863647,0.89205002784729,17.146951675415,-25.2049503326416,-35.8750534057617,-44.3320503234863,8.31300067901611,3.6910502910614,0.79995006322861,-6.09743738174438,-5.41763734817505,-1.41226243972778,-4.51219987869263,-8.69728755950928,-15.3258876800537,-3.58283758163452,-4.55138731002808,-4.14892482757568,32.5800018310547,30.4369506835938,21.4960517883301,-40.443000793457,-26.6760005950928,-16.2889499664307,5.37705039978027,17.7280502319336,26.0220012664795,3.60607504844666,7.60416269302368,9.45958709716797,-19.1747875213623,-19.6011753082275,-16.2438373565674,-2.99901247024536,-1.68561244010925,-1.49077498912811,17.4460506439209,18.4399509429932,18.4999504089355,-11.5249509811401,-10.1790008544922,-7.14195013046265,18.2260513305664,8.08605003356934,2.03295016288757,8.81375026702881,7.53719997406006,5.9386248588562,-9.56326198577881,-5.16862487792969,-3.62986254692078,-2.56808757781982,-3.34166240692139,-3.76433753967285,17.4970512390137,16.6699504852295,15.7840509414673,-3.63795018196106,-2.0029501914978,-0.69705003499985,0.84495002031326,2.40000009536743,4.94100046157837,3.56468749046326,2.47939991950989,5.65331268310547,-3.56661248207092,-2.95968747138977,-1.11072504520416,-4.11936235427856,-4.27047491073608,-3.14531254768372,14.5360507965088,13.1230506896973,11.8200006484985,0.8320500254631,2.02500009536743,2.4250500202179,7.6230001449585,8.06595039367676,5.90100049972534,9.81351280212402,13.1628751754761,14.5998878479004,1.21563744544983,2.79509997367859,3.4684374332428,-1.15788745880127,0.85456252098083,2.45602488517761,9.925950050354,8.19195079803467,6.66900014877319,3.45705008506775,4.70504999160767,5.2150502204895,4.01595020294189,3.5179500579834,3.96900010108948,SWING_LEFT
0.03602499887347,-0.07259999960661,-0.85813748836517,4.28326225280762,3.71414995193481,3.06157493591309,-2.83222508430481,-2.90193748474121,-3.06501245498657,-3.95700025558472,-3.49005007743835,-3.0130500793457,-0.30705001950264,-2.0789999961853,-4.65105009078979,9.47700023651123,10.4160003662109,11.2159509658813,-3.58380007743835,-4.19856262207031,-4.08704996109009,2.22035002708435,2.44406247138977,3.02362489700317,-3.45908737182617,-3.29559993743896,-2.74628758430481,-7.36005020141602,-10.5979509353638,-13.0290002822876,-6.85500049591064,-6.57705020904541,-6.82605028152466,12.2359504699707,12.363000869751,11.9920501708984,-3.30811238288879,-2.31756258010864,-1.79932498931885,3.62945008277893,3.80943751335144,3.57871246337891,-1.86779999732971,-1.08597505092621,-0.64487498998642,-13.0009508132935,-10.6129503250122,-9.53700065612793,-7.65705013275146,-9.88200092315674,-12.2890510559082,12.6289510726929,12.2860507965088,9.71205043792725,-1.69179999828339,-1.99003744125366,-2.26586246490479,3.16855001449585,2.68427491188049,2.22997498512268,-0.38321250677109,-0.27087500691414,-0.34787499904633,-13.5780010223389,-17.9100017547607,-19.9699516296387,-13.44105052948,-14.9569511413574,-17.4859504699707,9.16305065155029,11.0410509109497,14.2530002593994,-2.32842493057251,-2.39855003356934,-2.72002506256104,1.76934993267059,1.22870004177094,-0.29493749141693,-0.64240002632141,-1.05366253852844,-3.0164749622345,-17.6520004272461,-14.5980005264282,6.78795051574707,-21.748950958252,-28.3980007171631,-53.2609519958496,14.5710010528564,13.3279504776001,12.7030506134033,-3.38566255569458,-4.02036237716675,-3.62023758888245,-1.54357504844666,-3.38937497138977,-7.38361263275146,-4.72436237335205,-6.52341222763062,-7.69243764877319,20.6989517211914,38.5489501953125,40.006950378418,-59.5740013122559,-44.6389503479004,-25.3800010681152,6.82605028152466,7.21095037460327,8.425950050354,-0.53088748455048,4.39133739471436,7.91615009307861,-16.1811370849609,-23.8640880584717,-25.9462490081787,-6.51928758621216,-4.43726253509521,-3.35843753814697,31.1700019836426,21.9900016784668,20.3730010986328,-13.8720006942749,-6.64905023574829,-2.52195000648499,7.67400026321411,2.3970000743866,-0.74595004320145,9.68233776092529,6.03597497940063,4.85265016555786,-23.7648124694824,-7.21764993667603,-3.75333738327026,-3.5899875164032,-7.85276222229004,-8.18881225585938,20.7199516296387,18.1219501495361,16.3609504699707,-1.67205011844635,1.75200009346008,3.28500008583069,-0.21705001592636,3.65205025672913,4.68195009231567,4.83230018615723,5.82587480545044,7.5607123374939,-1.91840004920959,-0.30167499184608,1.65426254272461,-7.46528768539429,-5.79466247558594,-4.1027250289917,13.1640005111694,10.3189506530762,8.6419506072998,4.22399997711182,4.59705018997192,4.70700025558472,6.00900030136108,6.65595054626465,5.64705038070679,9.56120014190674,10.9980745315552,10.9107627868652,3.73518753051758,5.52640008926392,6.71742486953735,-2.69004988670349,-1.35616254806519,-0.51974999904633,7.55505037307739,6.5029501914978,5.18400001525879,5.32500028610229,5.23905038833618,4.84905004501343,4.99095010757446,5.72205018997192,7.94700050354004,SWING_LEFT
1.06906247138977,-2.3310375213623,-6.67273759841919,1.12447500228882,1.63212502002716,3.64512491226196,-4.59373760223389,-4.40962505340576,-4.27446269989014,-3.8730001449585,-7.02000045776367,-9.77400016784668,-3.79395008087158,-6.9529504776001,-8.35200023651123,7.27395057678223,8.31105041503906,9.82200050354004,-10.164137840271,-8.22951221466064,-4.60927486419678,7.23662519454956,6.8954873085022,5.45338726043701,-3.89688754081726,-3.09925007820129,-1.88209998607636,-15.3960008621216,-16.7220001220703,-15.5730009078979,-8.06400012969971,-7.44195032119751,-7.35795021057129,14.9470510482788,14.7510004043579,12.1740007400513,-1.49545001983643,0.08428750187159,0.22329999506474,3.94569993019104,2.75453758239746,1.7331874370575,-0.62136250734329,-0.19855000078678,-0.83228749036789,-11.1420001983643,-6.67095041275024,-6.18900012969971,-8.65095043182373,-12.1690502166748,-14.428050994873,9.36495018005371,7.54200029373169,8.24400043487549,-0.41483750939369,-1.46451246738434,-2.42164993286133,0.85552501678467,0.21312500536442,-0.13474999368191,-1.87756252288818,-2.66199994087219,-2.7277250289917,-9.43005084991455,-14.872950553894,-18.1330509185791,-15.4270505905151,-15.3499507904053,-16.0060501098633,9.97995090484619,11.3569507598877,10.9480504989624,-3.37177491188049,-3.44519996643066,-3.75182509422302,-0.30511251091957,-0.41786250472069,-0.77439999580383,-1.38173747062683,-1.04678750038147,-1.7274124622345,-10.8400506973267,-4.87395000457764,5.425950050354,-28.0720520019531,-37.900951385498,-49.3330535888672,6.82605028152466,5.97300004959106,4.24905014038086,-4.31516265869141,-4.4643497467041,-2.64536237716675,-1.50823748111725,-3.41151237487793,-8.30747509002686,-3.62243747711182,-6.2975001335144,-7.86431264877319,26.3370018005371,37.2439498901367,33.4450531005859,-54.612003326416,-35.487003326416,-15.8430004119873,2.71605014801025,15.1099510192871,28.6609516143799,1.87646245956421,6.58239984512329,10.2183122634888,-15.0706872940063,-19.066162109375,-19.8855247497559,-7.27058744430542,-5.37941265106201,-3.32364988327026,22.4329509735107,17.3700008392334,16.006950378418,-7.81995058059692,-4.7039999961853,-0.70005005598068,22.4530506134033,8.88105010986328,0.50295001268387,11.7316370010376,10.8748750686646,9.20768737792969,-16.2793121337891,-9.61578750610352,-5.78613758087158,-2.93122506141663,-4.37318754196167,-5.85557508468628,16.7299499511719,18.996000289917,20.5740013122559,1.32795011997223,2.37705016136169,4.33395004272461,-0.42300000786781,0.68700003623962,2.31405019760132,6.61031246185303,3.98021245002747,2.31673741340637,-4.97942495346069,-4.79132509231567,-3.94899988174438,-6.84172487258911,-6.81738758087158,-5.95044994354248,18.0450000762939,13.4010009765625,8.16300010681152,5.85705041885376,5.70405006408691,5.3730001449585,5.73600006103516,7.33605051040649,7.29000043869019,2.36788749694824,4.71226263046265,9.0763750076294,-1.52075004577637,2.58747506141663,7.67112493515015,-4.82982492446899,-3.43873739242554,-1.53670001029968,3.55305027961731,0.48195001482964,-0.966000020504,5.87895011901855,7.07400035858154,7.26495027542114,6.18900012969971,5.58000040054321,5.77905035018921,SWING_LEFT
-3.16483759880066,-4.58947515487671,-6.10252475738525,5.06646251678467,6.17471265792847,7.24954986572266,0.10642500221729,-0.10367500036955,-0.84232497215271,-1.7610000371933,-2.58000016212463,-4.86705017089844,-1.95900011062622,-4.19595003128052,-5.65305042266846,8.14095020294189,5.65500020980835,4.45695018768311,-7.34868764877319,-7.48508739471436,-6.52409982681274,8.82598781585693,10.4385871887207,11.1379127502441,-1.97353744506836,-2.98484992980957,-3.40243744850159,-7.65495014190674,-9.37905025482178,-10.6440000534058,-7.01505041122437,-8.12400054931641,-10.0230007171631,5.21595001220703,9.06795024871826,12.5520009994507,-4.69108724594116,-2.3871374130249,-0.49706250429153,10.4444999694824,8.16034984588623,5.15762519836426,-3.39666247367859,-2.7722749710083,-1.75092494487762,-11.9950504302979,-15.8479509353638,-19.326000213623,-12.4260005950928,-13.5010509490967,-14.0140504837036,14.6359510421753,17.1480007171631,20.3410511016846,0.8732625246048,1.82737493515015,1.83081245422363,2.86921238899231,1.63391244411469,1.08363747596741,-1.12667500972748,-0.93046247959137,-1.09312498569489,-18.6769504547119,-14.9500503540039,-11.7840003967285,-14.7390003204346,-16.3410015106201,-18.0280513763428,20.3959503173828,16.1400012969971,12.4710006713867,-0.41813749074936,-2.07418751716614,-3.78675007820129,0.51370000839233,-0.07287500053644,-1.01818752288818,-1.60366249084473,-1.9713374376297,-2.96106243133545,-9.94500064849854,-3.07995009422302,5.93295049667358,-26.7289505004883,-35.3239517211914,-43.4389533996582,12.5880002975464,11.1780004501343,5.65905046463013,-5.37515020370483,-6.17443752288818,-5.64079999923706,-2.12231254577637,-3.5842125415802,-6.58693742752075,-4.57558727264404,-6.3518123626709,-7.71512508392334,18.4159507751465,34.0489501953125,40.5580520629883,-48.319953918457,-35.3389511108398,-17.5630512237549,2.86200022697449,-1.10295009613037,4.29195022583008,-1.36331248283386,5.28811264038086,12.4541997909546,-13.9739875793457,-20.3692493438721,-19.455150604248,-7.47092485427856,-6.06484985351563,-4.85416269302368,26.1019515991211,16.8949508666992,20.9239501953125,-8.18205070495605,-2.92200016975403,-2.83395004272461,18.178050994873,18.6859512329102,3.99705028533936,11.7246246337891,9.17798709869385,8.05378723144531,-11.7433252334595,-4.00729990005493,-0.97308748960495,-5.75190019607544,-6.46854972839355,-5.91016244888306,20.8999519348145,18.7300510406494,15.5779504776001,-0.32595002651215,2.64300012588501,5.19105005264282,3.34095025062561,3.99000024795532,6.41400051116943,6.65871238708496,5.24053764343262,5.32757520675659,-0.66838747262955,-0.97294998168945,-0.85332500934601,-5.00266265869141,-3.66272497177124,-2.69720005989075,12.8070001602173,11.1520509719849,8.92005062103271,5.41605043411255,4.31505012512207,4.46100044250488,7.93005037307739,7.29495048522949,6.8230504989624,7.48934984207153,10.7168874740601,10.3716249465942,0.72146248817444,4.04098749160767,7.88356256484985,-1.68423748016357,-0.02818750031292,1.31037497520447,6.76005029678345,5.40900039672852,2.60700011253357,5.3730001449585,5.27700042724609,4.0339503288269,6.77595043182373,7.00305032730103,7.83405017852783,SWING_LEFT
-1.6912499666214,-2.38521242141724,-2.96436238288879,3.2271249294281,2.47403740882874,2.37654995918274,-3.15108752250671,-3.77891254425049,-4.1632251739502,-3.40095019340515,-4.68300008773804,-6.08895015716553,-0.78300005197525,-1.2720000743866,-1.95900011062622,7.30200052261353,6.52905035018921,6.82800054550171,-3.46720004081726,-3.57568740844727,-3.40876245498657,2.82301259040833,3.36572504043579,3.23248744010925,-4.37249994277954,-4.45279979705811,-4.6909499168396,-6.85995054244995,-5.42295026779175,-4.49805021286011,-2.41395020484924,-4.40700006484985,-6.77295017242432,8.54295063018799,10.0540504455566,11.0890502929688,-3.15961241722107,-3.13293743133545,-2.64797496795654,2.51776242256165,1.05778753757477,1.36166250705719,-5.01792478561401,-5.2835750579834,-4.16941261291504,-4.58700037002563,-15.0670509338379,-23.2390518188477,-9.86805057525635,-14.3130006790161,-12.081000328064,10.6720504760742,15.8380508422852,19.359001159668,-2.02743744850159,-1.45860004425049,-1.32261252403259,2.06511259078979,2.82026243209839,3.18312501907349,-2.40982508659363,-0.35749998688698,1.21632504463196,-25.3470020294189,-22.1730003356934,-19.2559509277344,-12.3060007095337,-15.7120504379272,-19.6440010070801,16.453950881958,10.6099500656128,6.64605045318604,-1.99842500686646,-3.04150009155273,-4.2065372467041,3.01001238822937,2.5066249370575,1.95181250572205,1.7936874628067,1.28314995765686,-0.71183747053146,-18.409049987793,-13.3069505691528,-1.89495003223419,-25.3759517669678,-36.2470512390137,-52.0150527954102,5.29095029830933,3.42000007629395,-0.34605002403259,-5.22376251220703,-3.9751250743866,1.59733748435974,1.53450000286102,-2.88846254348755,-12.3308620452881,-4.30938768386841,-11.5352878570557,-10.490837097168,30.4249515533447,34.1680526733398,25.5649509429932,-66.1459503173828,-21.7230014801025,-8.86905002593994,-3.88395023345947,44.7529525756836,37.6090507507324,7.81742477416992,11.9017248153687,13.6597995758057,-19.7829494476318,-22.6069240570068,-20.7006244659424,-6.73406267166138,-3.00506258010864,-1.42972505092621,20.4930000305176,14.9080505371094,13.0180501937866,-8.7679500579834,-3.0990002155304,1.5940500497818,14.3890504837036,2.13405013084412,-1.72095012664795,12.5604877471924,10.4856128692627,7.65407514572144,-11.6102247238159,-5.00554990768433,-4.3445873260498,-2.39607501029968,-3.85288739204407,-5.14524984359741,13.4950504302979,13.7320508956909,11.9310007095337,3.60795021057129,4.03905010223389,4.73594999313354,-1.20105004310608,3.08700013160706,8.55000019073486,4.82308769226074,8.80247497558594,11.9675874710083,-5.11788749694824,-0.23306250572205,5.23228740692139,-5.9965124130249,-4.04607486724854,-1.17878746986389,9.9330005645752,6.87000036239624,5.16495037078857,5.3710503578186,5.1820502281189,5.16000032424927,11.0080509185791,7.3410005569458,5.07000017166138,14.1637372970581,12.3539628982544,8.29358768463135,9.60739994049072,10.5675621032715,8.62496280670166,1.65687501430511,3.22987508773804,2.5500750541687,3.7300500869751,3.32505011558533,4.52505016326904,5.86695051193237,6.91800022125244,6.80295038223267,4.23705005645752,4.77600002288818,5.22105026245117,SWING_LEFT
-0.28311249613762,-2.42054986953735,-5.50453758239746,7.23002481460571,9.23793697357178,10.2253246307373,-2.67451238632202,-3.09333753585815,-3.87750005722046,-4.83600044250488,-6.51705026626587,-8.05005073547363,-3.78195023536682,-6.66105031967163,-8.61300086975098,5.80995035171509,7.34595012664795,10.4230508804321,-7.65943765640259,-8.38791275024414,-6.68483734130859,9.61001205444336,7.92329978942871,5.51622486114502,-4.72697496414185,-5.36841249465942,-5.18498754501343,-8.40195083618164,-10.3999500274658,-15.1440010070801,-10.2799501419067,-11.0320501327515,-10.4710502624512,11.695050239563,12.5070009231567,15.1320009231567,-3.70411252975464,-1.46547496318817,-0.10889999568462,3.42292499542236,2.25128746032715,1.65288746356964,-3.84133744239807,-2.35922503471375,-1.1727374792099,-15.6540002822876,-13.1040010452271,-12.4350004196167,-11.8009510040283,-13.3720502853394,-13.7640008926392,15.9510011672974,14.7580509185791,13.756950378418,0.26716250181198,0.03121249936521,-0.57997500896454,1.15706253051758,0.7540500164032,0.45361250638962,-0.57722496986389,-0.35227498412132,-0.12044999748468,-13.1080503463745,-13.1160001754761,-12.3829507827759,-13.7860507965088,-13.606050491333,-15.2950506210327,13.2679510116577,12.2629508972168,10.7730007171631,-1.49462497234344,-2.50992488861084,-3.84106254577637,0.05678749829531,-0.43326249718666,-1.03111255168915,-0.05004999786615,-0.32683750987053,-1.31298744678497,-11.5920009613037,-7.69995021820068,1.60995006561279,-20.3119506835938,-28.1250019073486,-39.3240013122559,10.6650009155273,8.44200038909912,5.36505031585693,-5.28426265716553,-6.20179986953735,-5.02287483215332,-1.83315002918243,-3.54186248779297,-7.59921264648438,-3.29793739318848,-6.10018730163574,-8.18166255950928,23.0890502929688,38.1820526123047,34.3480529785156,-46.1860504150391,-29.6050510406494,-13.2180004119873,0.52695000171661,5.55195045471191,21.1789512634277,-0.52277499437332,4.86158752441406,9.27190017700195,-13.3364000320435,-16.8782615661621,-17.4796867370605,-8.30871200561523,-6.84584999084473,-4.70181226730347,21.2089519500732,15.6979503631592,14.9320507049561,-4.28505039215088,-4.09800004959106,-3.81795024871826,26.3380508422852,13.6249504089355,4.07895040512085,11.4626874923706,10.7298126220703,6.75014972686768,-14.432825088501,-8.52499961853027,-3.23895001411438,-3.73917508125305,-4.61862516403198,-5.9684624671936,16.9069499969482,18.4120502471924,11.9809503555298,0.02295000106096,2.74305009841919,6.18000030517578,-0.67905002832413,-1.05795001983643,4.74705028533936,3.77382493019104,1.72287499904633,1.78763747215271,-3.77038741111755,-3.75760006904602,-2.09357500076294,-6.05687475204468,-5.84182500839233,-5.72192478179932,8.57805061340332,6.37905025482178,4.55205011367798,6.91800022125244,5.95005035400391,4.70700025558472,7.20900011062622,7.45605039596558,6.75600051879883,5.55541229248047,11.2701873779297,13.1144752502441,2.99653744697571,10.524112701416,15.5430002212524,-4.05473756790161,-0.78223747014999,1.87082493305206,2.05800008773804,-0.02205000072718,-0.19200000166893,4.99695014953613,5.70795011520386,5.44695043563843,6.97005033493042,7.89405059814453,8.40705013275146,SWING_LEFT
