gyro_x_0,gyro_y_0,gyro_z_0,acc_x_0,acc_y_0,acc_z_0,gyro_x_1,gyro_y_1,gyro_z_1,acc_x_1,acc_y_1,acc_z_1,gyro_x_2,gyro_y_2,gyro_z_2,acc_x_2,acc_y_2,acc_z_2,gyro_x_3,gyro_y_3,gyro_z_3,acc_x_3,acc_y_3,acc_z_3,gyro_x_4,gyro_y_4,gyro_z_4,acc_x_4,acc_y_4,acc_z_4,gyro_x_5,gyro_y_5,gyro_z_5,acc_x_5,acc_y_5,acc_z_5,gyro_x_6,gyro_y_6,gyro_z_6,acc_x_6,acc_y_6,acc_z_6,gyro_x_7,gyro_y_7,gyro_z_7,acc_x_7,acc_y_7,acc_z_7,gyro_x_8,gyro_y_8,gyro_z_8,acc_x_8,acc_y_8,acc_z_8,gyro_x_9,gyro_y_9,gyro_z_9,acc_x_9,acc_y_9,acc_z_9,gyro_x_10,gyro_y_10,gyro_z_10,acc_x_10,acc_y_10,acc_z_10,gyro_x_11,gyro_y_11,gyro_z_11,acc_x_11,acc_y_11,acc_z_11,gyro_x_12,gyro_y_12,gyro_z_12,acc_x_12,acc_y_12,acc_z_12,gyro_x_13,gyro_y_13,gyro_z_13,acc_x_13,acc_y_13,acc_z_13,gyro_x_14,gyro_y_14,gyro_z_14,acc_x_14,acc_y_14,acc_z_14,motion_type
0.58396250009537,1.32990002632141,1.76522493362427,2.19724988937378,1.03083753585815,3.20512509346008,2.26957488059998,-2.74917507171631,-2.1840500831604,4.26607513427734,1.86738753318787,-1.15390002727509,0.1710499972105,0.60101246833801,0.04015000164509,-0.48771250247955,-1.65412497520447,-1.89461243152618,-0.40686249732971,1.06177496910095,0.16568750143051,-0.57282501459122,0.60417497158051,-0.24296249449253,-2.41931247711182,-2.49589991569519,-0.24722500145435,-0.0141624994576,0.14011250436306,-0.07906249910593,2.06868743896484,1.88141250610352,1.00553750991821,-3.44396257400513,-4.64970016479492,-7.26976251602173,-13.5113000869751,-16.5209007263184,-9.17152500152588,-2.68413758277893,2.9082624912262,3.35747504234314,3.42237496376038,3.09347486495972,2.08573746681213,6.67605018615723,8.41800022125244,20.098051071167,16.980001449585,14.4480009078979,29.1250514984131,32.0590515136719,11.4090003967285,-21.1620006561279,-23.6790008544922,-6.41400051116943,0.18105000257492,-2.44500017166138,0.18405000865459,0.04905000329018,0.15000000596046,-0.18195000290871,4.07595014572144,1.77900004386902,-0.47400003671646,-1.20705008506775,-14.9089508056641,-39.2209510803223,-30.1549510955811,-24.9060020446777,-13.1149501800537,-5.55105018615723,-1.32900011539459,2.30805015563965,3.99900007247925,12.2149505615234,10.5499505996704,13.3810510635376,8.56500053405762,11.0770502090454,16.5070514678955,-0.83400005102158,-4.39800024032593,19.2280502319336,5.78895044326782,3.28200006484985,15.2040004730225,12.9499502182007,8.40705013275146,8.15295028686523,SWING_RIGHT
0.06036249920726,0.0496375001967,0.00068749999627,0.53707498311996,0.31679999828339,0.92551249265671,3.93717503547668,0.37317499518394,-3.09498739242554,-3.43447494506836,3.36256241798401,1.64491248130798,-1.20284998416901,-0.80602496862411,-0.43669998645782,-0.39091250300407,-0.08538749814034,0.41690000891685,-0.5292375087738,1.26073753833771,0.61159998178482,1.20752501487732,2.3674750328064,-2.63106250762939,-1.94988751411438,-2.62143754959106,-0.73672497272491,1.06603753566742,0.54353749752045,-0.08222500234842,0.01471249945462,-0.31941249966621,-0.18314999341965,-1.24533748626709,-2.30518746376038,-4.11647510528564,-11.0892372131348,-17.2551498413086,-10.9891376495361,-4.10368728637695,0.62452501058578,1.35987496376038,1.19391250610352,1.91014993190765,2.02606248855591,6.1230001449585,4.67700004577637,8.61405086517334,13.0380010604858,14.649001121521,31.9180507659912,37.6489524841309,20.4979515075684,-35.3380508422852,-11.9749507904053,-6.88305044174194,0.55200004577637,-7.08900022506714,-5.49405002593994,-4.83795022964478,1.76700007915497,1.47495007514954,3.02895021438599,4.60005044937134,4.53299999237061,6.32895040512085,-9.03404998779297,-39.7380027770996,-33.1420516967773,-25.2550506591797,-13.6800003051758,-6.08100032806396,-4.26300001144409,-2.51505017280579,-1.65000009536743,9.61200046539307,11.1490507125854,10.0690507888794,13.9080009460449,10.5000009536743,21.7900505065918,4.52505016326904,-12.2370004653931,0.73095005750656,22.8390007019043,11.6470508575439,5.52300024032593,8.91495037078857,9.30705070495605,9.04905033111572,SWING_RIGHT
0.37427499890327,-0.13543750345707,0.04331250116229,0.37963750958443,0.54023748636246,0.96167498826981,2.4505250453949,2.25582504272461,0.98614996671677,-1.34131252765656,0.62438750267029,2.03224992752075,1.16063749790192,0.0527999997139,0.71060001850128,-1.11883747577667,-0.41112500429153,-1.3721125125885,-1.83713746070862,-0.72297501564026,-0.03121249936521,-0.45581248402596,2.97302508354187,2.94428753852844,-0.74208748340607,-1.68808746337891,-3.10144996643066,-2.01066255569458,-0.5292375087738,0.00398749997839,1.75683748722076,1.65041244029999,1.73456251621246,0.98958748579025,0.35846251249313,-1.3857250213623,-4.71253728866577,-10.626275062561,-17.4382991790771,-12.225811958313,-4.06862497329712,-0.65573751926422,0.82678747177124,1.34076249599457,1.34392499923706,4.69800043106079,2.30295014381409,8.20905017852783,9.54600048065186,12.2280006408691,21.363000869751,32.8680000305176,43.3150520324707,21.3889503479004,-26.5300521850586,-10.2859506607056,-10.1070003509521,-4.2679500579834,-2.62005019187927,-3.19200015068054,0.43500003218651,-0.59895002841949,1.0150500535965,1.00499999523163,1.58700013160706,3.11805009841919,4.68600034713745,-5.94705009460449,-37.9560012817383,-31.54905128479,-21.1360511779785,-13.8000001907349,-9.07905006408691,-3.72405028343201,0.75600004196167,9.60705089569092,8.75699996948242,10.5460500717163,11.4150009155273,11.6880006790161,13.1200504302979,14.5140008926392,6.56505012512207,-8.76900005340576,2.23995018005371,12.9499502182007,10.0879507064819,11.0080509185791,12.9930009841919,8.00205039978027,SWING_RIGHT
-0.00453749997541,0.18273749947548,-0.04936249926686,-0.22811250388622,0.00068749999627,0.53281247615814,2.11529994010925,4.07123756408691,3.29972505569458,-1.8191249370575,-3.42814993858337,3.27841258049011,4.56829977035522,1.4502124786377,0.26358750462532,-0.10353749990463,-0.13543750345707,-0.39297500252724,-0.98367500305176,-1.27421247959137,-1.49765002727509,-0.36849999427795,1.0202499628067,3.02953743934631,1.64394998550415,0.512600004673,-2.36706256866455,-3.34509992599487,-0.28971248865128,0.4147000014782,1.40030002593994,1.98247504234314,2.00378751754761,2.58376240730286,2.74766254425049,2.47087502479553,1.22045004367828,-4.64860010147095,-13.0548000335693,-19.0792255401611,-11.3180370330811,-1.21233749389648,1.96652495861053,1.30886244773865,0.65216249227524,1.11795008182526,2.12595009803772,1.67805004119873,1.98195004463196,5.05995035171509,7.43295049667358,23.881950378418,37.2940521240234,51.9520530700684,13.782000541687,-31.0870513916016,-13.0290002822876,-2.46705007553101,1.86495006084442,-3.6910502910614,-0.40905001759529,-0.64200001955032,-1.08900010585785,-1.82205009460449,-1.57095003128052,-1.93005013465881,3.9340500831604,6.22200012207031,-8.73900032043457,-42.925952911377,-33.6709518432617,-20.7139511108398,-10.4130001068115,-1.7700001001358,-0.49605002999306,10.0189504623413,9.44204998016357,8.1870002746582,9.01995086669922,9.56595039367676,12.6150007247925,18.6340503692627,15.1180505752563,-8.07900047302246,-15.5730009078979,16.4759998321533,16.4400005340576,11.6520004272461,8.09805011749268,8.26605033874512,SWING_RIGHT
-0.10257499665022,0.04537500068545,-0.01636249944568,0.32642498612404,0.00714999996126,0.30937498807907,1.16820001602173,2.22915005683899,0.73507499694824,-1.35080003738403,-5.37033748626709,-0.65807497501373,2.76869988441467,1.90987503528595,0.61586248874664,-0.36959999799728,-0.74208748340607,-0.49623748660088,-0.30676248669624,0.29452499747276,-0.26097500324249,-0.38554999232292,0.83833748102188,1.12351250648499,-0.35365000367165,1.05435001850128,-0.79956251382828,-3.10571241378784,-0.54628747701645,0.88824999332428,0.93527501821518,0.54257500171661,0.32546249032021,-0.19387499988079,-0.44494998455048,-0.99096250534058,-3.27263736724854,-8.90229988098145,-14.8883628845215,-16.6858997344971,-11.0243377685547,-3.66107487678528,-1.75284993648529,0.30208748579025,1.09064996242523,4.02300024032593,2.64300012588501,4.42799997329712,4.05900001525879,4.68600034713745,9.75195026397705,24.8689517974854,34.0159530639648,33.8809509277344,12.7120504379272,-13.0980005264282,-10.0519504547119,-2.13105010986328,-3.49200010299683,-5.13495016098022,1.33800005912781,0.49005001783371,1.1539500951767,1.1340000629425,1.06995010375977,3.09600019454956,5.3929500579834,1.28295004367828,-17.8620014190674,-24.8410511016846,-27.9760513305664,-19.488000869751,-17.7730503082275,-10.7650508880615,-4.21500015258789,9.8100004196167,9.20205020904541,11.3430004119873,10.1100006103516,9.78405094146729,12.0690002441406,16.4800510406494,10.7160005569458,-9.21495056152344,-9.93105030059814,4.46205043792725,21.7470016479492,18.3940505981445,9.99495029449463,9.18495082855225,SWING_RIGHT
0.42528748512268,0.2072124928236,0.24227499961853,1.11072504520416,1.29690003395081,1.57258749008179,1.15225005149841,0.05609999969602,-0.0417999997735,-1.99897503852844,-1.97766244411469,1.65453743934631,1.31394994258881,0.91162496805191,2.14939999580383,-0.70372498035431,-0.06091250106692,-0.77192497253418,-1.50507497787476,-1.86271250247955,-1.41569995880127,0.47437500953674,3.59672498703003,1.5193749666214,0.67223751544952,-0.43559998273849,-1.33375000953674,-0.169537499547,0.74043750762939,0.20088750123978,4.5057373046875,3.86402487754822,4.23651266098022,3.38937497138977,1.49077498912811,-2.93315005302429,-6.31523752212524,-10.6166496276855,-16.0388240814209,-16.1441497802734,-9.2545747756958,-3.73972487449646,-0.48963749408722,1.17040002346039,1.88993752002716,6.60495042800903,4.27200031280518,5.82105016708374,12.9540004730225,17.1619510650635,36.259952545166,32.169002532959,28.8970508575439,26.8780517578125,1.65405011177063,-14.8129510879517,-6.88800048828125,-7.37700033187866,-4.05495023727417,-5.25495004653931,-0.3829500079155,-1.14495003223419,-1.6519501209259,0.89700001478195,0.7990500330925,5.56305027008057,-1.80300009250641,-7.95105028152466,-28.6630516052246,-35.5830001831055,-24.9460506439209,-19.1809501647949,-15.6820507049561,-9.421950340271,-5.56095027923584,9.82200050354004,8.4330005645752,9.90405082702637,10.1050500869751,8.51895046234131,11.9130001068115,7.4370002746582,4.53194999694824,-0.5380499958992,-4.58295011520386,14.5290002822876,14.0230503082275,10.7299509048462,12.76305103302,6.6540002822876,SWING_RIGHT
0.54449999332428,-0.21106250584126,0.13695000112057,-0.10257499665022,-0.30469998717308,0.49018749594688,1.32990002632141,1.66622495651245,2.69321250915527,0.4838624894619,-0.34732499718666,0.174212500453,3.35087490081787,1.70445001125336,1.36826252937317,-0.18328750133514,0.38073748350143,0.59138751029968,0.9755625128746,-0.31528750061989,-2.08505010604858,-1.75518751144409,2.54209995269775,2.16328740119934,1.7960250377655,-1.94136250019073,-1.4444375038147,-2.03183746337891,-0.30153748393059,0.53184998035431,3.90018749237061,4.54190015792847,4.66207504272461,4.74402475357056,4.77606248855591,3.79912495613098,-0.86858749389648,-9.57701206207275,-18.0650253295898,-20.0700492858887,-16.2399883270264,-5.18498754501343,-0.28531250357628,0.85126250982285,0.63305002450943,1.17300009727478,2.45400023460388,2.94300007820129,2.18805003166199,5.38305044174194,15.9739503860474,36.6599998474121,45.9640502929688,40.9180526733398,19.3320007324219,-10.6360502243042,-25.3750514984131,-4.02795028686523,-1.2720000743866,-4.8469500541687,-0.22200001776218,-1.46805012226105,-1.49400007724762,-2.12400007247925,-1.27395009994507,0.94995003938675,6.55005025863647,-6.24105024337769,-37.7880020141602,-50.3839530944824,-42.3630027770996,-24.7999515533447,-16.0099506378174,-8.86905002593994,-5.15595006942749,8.08800029754639,10.6200008392334,11.8800001144409,8.8279504776001,10.1050500869751,10.7400007247925,15.7429504394531,12.8809509277344,2.65200018882751,2.93700003623962,2.86695003509521,19.4359512329102,13.1830501556396,10.9380006790161,9.61905002593994,SWING_RIGHT
0.86913746595383,-0.08126249909401,0.52208751440048,-1.07731246948242,-2.79812502861023,3.38277506828308,3.39129996299744,-1.12419998645782,-0.5154874920845,2.07171249389648,2.43237495422363,2.2121000289917,1.55869996547699,-0.08016250282526,1.90671253204346,0.30305001139641,0.80533748865128,0.5850625038147,1.05751252174377,-1.88718748092651,-4.60088729858398,-0.41745001077652,2.5144624710083,2.79537487030029,3.17844986915588,0.23911249637604,-3.81658744812012,-1.65082502365112,0.37427499890327,-0.25685000419617,3.67344999313354,3.91393756866455,3.84793758392334,4.5057373046875,6.61705017089844,1.74088752269745,-6.61100006103516,-13.9785251617432,-18.4897632598877,-16.1771507263184,-8.2125997543335,-0.52799999713898,-0.06613750010729,0.76711249351501,1.57698750495911,1.04100000858307,4.53105020523071,3.05295014381409,1.11495006084442,15.4450511932373,39.6130523681641,47.1739540100098,42.9420013427734,32.976001739502,5.32605028152466,-29.7390022277832,-4.24905014038086,-6.57195043563843,-6.8710503578186,-9.39105033874512,-0.43800002336502,0.73905003070831,0.87105005979538,-0.61800003051758,-1.93005013465881,8.65500068664551,8.92800045013428,-17.8810501098633,-49.0810508728027,-46.794002532959,-32.8740005493164,-20.6809501647949,-11.6989507675171,-8.77995014190674,-5.32395029067993,7.12605047225952,11.1589508056641,7.69800043106079,1.99995005130768,12.8809509277344,23.8789520263672,4.5600004196167,3.16695022583008,11.8609504699707,3.82800006866455,-9.58605003356934,17.4580516815186,6.99105024337769,16.045051574707,6.06900024414063,SWING_RIGHT
-0.70386248826981,-0.23237499594688,-0.07053750008345,-0.62823748588562,0.30181249976158,1.30968749523163,0.45828750729561,0.42748749256134,-0.32491248846054,-1.86697494983673,-1.89461243152618,4.71941232681274,6.24868726730347,1.32357501983643,-0.52071249485016,0.35516250133514,-0.2056999951601,-0.29301249980927,-0.27486249804497,-1.58496248722076,0.22962500154972,1.6747499704361,1.49063754081726,1.25014996528625,2.01959991455078,0.9840874671936,-3.57926249504089,-3.99327492713928,-1.38916254043579,0.35296249389648,1.50136244297028,1.44924998283386,0.75652498006821,1.31408751010895,0.97460001707077,-3.02252507209778,-6.32362508773804,-7.94021224975586,-14.9500999450684,-15.4204874038696,-7.18354988098145,-0.96964997053146,-0.86968749761581,0.02007500082254,-0.41525000333786,3.11700010299683,5.02605009078979,3.38595008850098,4.18994998931885,17.7799510955811,24.2530517578125,25.8889503479004,28.7610015869141,26.437952041626,13.9690504074097,-23.8380012512207,-1.09200000762939,-4.72005033493042,1.66800010204315,0.87105005979538,1.41495001316071,2.24805021286011,1.23495006561279,0.93105006217957,4.9980001449585,6.13500022888184,4.38705015182495,1.82205009460449,-25.3170013427734,-31.5970516204834,-22.1989517211914,-16.3270511627197,-13.0960502624512,-5.90595006942749,-5.60895013809204,9.82500076293945,9.63300037384033,8.59605026245117,9.01500034332275,14.8039503097534,9.5779504776001,8.028000831604,10.5049505233765,-0.60900002717972,-2.0419499874115,9.59700012207031,19.5010509490967,6.00705051422119,7.47795057296753,11.9869508743286,SWING_RIGHT
-0.31968748569489,-0.91877502202988,-0.69849997758865,-0.1387374997139,0.57433748245239,0.86583751440048,1.46712493896484,0.45938751101494,-0.27390000224113,-3.0387499332428,-1.82655000686646,2.61222505569458,2.35468745231628,-0.17599999904633,1.68739998340607,0.44453749060631,0.79681247472763,0.53391247987747,-0.5429875254631,-0.97404998540878,-0.91451251506805,-1.15073752403259,2.94222497940063,3.11354994773865,2.96779990196228,0.74896252155304,-4.04965019226074,-2.19367504119873,0.99371248483658,-0.07906249910593,0.78100001811981,0.87986248731613,0.89375001192093,0.62988752126694,0.35640001296997,-0.44494998455048,-1.83809995651245,-9.38547515869141,-15.4195251464844,-15.450325012207,-8.45638751983643,-0.80465000867844,-0.84837502241135,0.64583748579025,1.29703748226166,4.30305004119873,3.82395029067993,4.52805042266846,5.30205011367798,7.59105014801025,15.7510509490967,25.0579509735107,38.6980514526367,31.4740524291992,2.6380500793457,-28.1650505065918,-0.1410000026226,-8.71995067596436,-4.87905025482178,-9.76905059814453,2.19495010375977,1.1869500875473,1.24905002117157,1.53195011615753,2.02995014190674,5.05305004119873,7.54395055770874,0.24405001103878,-24.2680511474609,-34.4620513916016,-23.6650505065918,-16.6210498809814,-12.2959508895874,-8.44005012512207,-5.16795015335083,7.53705024719238,9.77895069122314,10.3060503005981,10.371000289917,10.7680501937866,12.1669502258301,14.2410011291504,4.68495035171509,-8.25705051422119,-6.68100023269653,4.48395013809204,21.8809509277344,8.65395069122314,15.1939506530762,6.82605028152466,SWING_RIGHT
-0.36011248826981,-0.31432500481606,0.15496249496937,0.5487625002861,0.32958748936653,1.50012505054474,0.79887497425079,-0.91451251506805,-0.89429998397827,-1.32742500305176,-0.71334999799728,5.43138742446899,1.06589996814728,-0.8485124707222,0.74882501363754,-0.1545500010252,-0.42171248793602,-1.20504999160767,-1.07511246204376,-0.72613751888275,-0.25038748979568,1.11924993991852,3.11038756370544,3.2019624710083,2.9635374546051,1.0564124584198,-4.52430009841919,-2.23300004005432,1.26073753833771,0.47107499837875,0.90227496623993,1.2725625038147,1.53766250610352,0.81826251745224,0.34251248836517,-3.07890009880066,-5.27656269073486,-10.0718746185303,-14.9841995239258,-16.5890998840332,-7.14106225967407,-0.54614996910095,-0.2396624982357,-0.23636250197887,0.44151249527931,3.48900008201599,3.05805015563965,6.65205049514771,7.38495016098022,15.7219505310059,27.3049507141113,33.2160034179688,36.2860527038574,38.8320007324219,24.8449516296387,-32.1409530639648,1.2109500169754,-2.86695003509521,-5.86305046081543,-6.98400020599365,1.80000007152557,1.37895011901855,2.21205019950867,2.52105021476746,6.84195041656494,8.21700000762939,7.56495046615601,-0.78105002641678,-21.5650501251221,-33.3340530395508,-25.312952041626,-16.2930011749268,-8.4060001373291,-6.2029504776001,-3.43200016021729,8.79495048522949,8.62695026397705,10.3660507202148,8.66595077514648,11.7790508270264,8.87205028533936,5.43900012969971,5.21205043792725,-0.4200000166893,-4.34100008010864,8.37795066833496,9.12795066833496,9.34095001220703,15.271050453186,9.00300025939941,SWING_RIGHT
-0.01306249946356,-0.33137500286102,-0.0109999999404,-1.33704996109009,-0.32381248474121,0.36465001106262,-0.11948750168085,0.82967501878738,2.59201240539551,3.20182490348816,0.44123750925064,-0.33027499914169,2.80706238746643,3.63288736343384,0.67760002613068,-0.59839999675751,-0.86129999160767,-0.13227500021458,1.47578752040863,-0.69946247339249,-0.41854998469353,0.4658499956131,-0.15468749403954,-0.67608749866486,0.75528746843338,2.08133745193481,0.85208749771118,-1.47111248970032,-2.84817504882813,-1.30927503108978,4.74196243286133,4.27899980545044,3.43186259269714,4.11509990692139,2.63793754577637,0.84479999542236,-0.27472499012947,-2.53082489967346,-6.83031225204468,-12.6876745223999,-16.116512298584,-13.2537622451782,-5.26473760604858,-2.77351260185242,-0.38651248812675,3.85695028305054,6.046950340271,4.92105007171631,5.2630500793457,11.4229507446289,10.195050239563,12.9130506515503,21.1519508361816,35.3980522155762,36.1570510864258,25.746000289917,-15.3810005187988,-14.9710502624512,-11.3740501403809,-3.40305018424988,-0.80400002002716,1.06500005722046,-0.61995005607605,-0.70095002651215,2.64795017242432,2.10900020599365,3.83400011062622,4.80600023269653,2.45700001716614,-10.6939506530762,-29.3359508514404,-29.9110507965088,-20.4990005493164,-16.746000289917,-11.3089504241943,8.70600032806396,9.75300025939941,10.2010507583618,8.72100067138672,13.1269502639771,10.2700500488281,11.8680009841919,15.4120512008667,23.5909519195557,8.3730001449585,-1.12395000457764,5.38200044631958,8.25795078277588,5.46600008010864,13.3410005569458,SWING_RIGHT
-0.57818752527237,-0.29301249980927,-0.80066251754761,-0.35365000367165,0.15289999544621,1.46712493896484,0.44123750925064,0.72544997930527,1.75670003890991,2.80486249923706,1.54384994506836,2.67822504043579,7.16498756408691,5.44733762741089,0.92441248893738,0.01993750035763,0.05403750017285,-0.09501250088215,-0.84425002336502,-0.99852502346039,-1.32096254825592,-0.08648750185966,-0.99742501974106,0.71596246957779,1.22347497940063,2.55172491073608,2.84322500228882,0.6542249917984,-3.80586242675781,-2.6001250743866,3.67991256713867,3.76612496376038,4.42378759384155,5.33898735046387,5.09849977493286,3.63192486763,2.00158739089966,-0.26193749904633,-6.01191234588623,-10.2122621536255,-15.3982124328613,-15.7291746139526,-5.59789991378784,-0.08951249718666,1.13753747940063,3.87405014038086,-0.73305004835129,-0.7180500626564,6.13305044174194,4.69605016708374,10.9200000762939,14.5990505218506,23.4250507354736,51.1519508361816,46.1890525817871,40.9870529174805,-2.76405024528503,-25.7770519256592,-15.7690505981445,-9.5779504776001,-0.01395000051707,-1.44600009918213,-2.44305014610291,-1.57605004310608,-1.35105001926422,3.24000024795532,6.39405012130737,6.83700037002563,10.4220008850098,-0.49995002150536,-24.8980503082275,-51.0400543212891,-35.8510513305664,-20.4049510955811,-15.8929510116577,12.0949506759644,6.65100049972534,8.43795013427734,12.5050506591797,9.44895076751709,10.7520008087158,8.41200065612793,15.5730009078979,22.7910003662109,18.4300518035889,8.89800071716309,8.05500030517578,2.51805019378662,-12.6400508880615,-3.03795003890991,SWING_RIGHT
0.14121249318123,0.60829997062683,0.55838751792908,0.72544997930527,0.60939997434616,0.49665001034737,0.68502497673035,1.56722497940063,2.08656239509583,2.53137493133545,0.40727499127388,0.41359999775887,4.25961256027222,1.35973751544952,-0.67292499542236,-0.35254999995232,-0.74208748340607,-0.08222500234842,-0.28132501244545,-1.19116246700287,-1.0283625125885,-1.04747498035431,-0.74951249361038,1.12983751296997,1.48101246356964,2.06634998321533,2.23245000839233,-1.48486244678497,-2.04352498054504,-0.35048750042915,3.48301243782043,3.7650249004364,4.66853761672974,4.1810998916626,3.01152491569519,1.46850001811981,0.28929999470711,-4.97007513046265,-10.4368000030518,-13.3431377410889,-16.2943000793457,-14.0838499069214,-6.94086265563965,0.50957500934601,1.09271252155304,2.43495011329651,0.66705000400543,3.32100009918213,6.70500040054321,8.44395065307617,14.2090511322021,23.1880512237549,34.4110527038574,37.8019523620605,35.1840019226074,6.75105047225952,-6.66795015335083,-30.0190505981445,-4.54095029830933,-9.28800010681152,-1.0200001001358,-2.14800000190735,-2.69205021858215,0.67005002498627,2.11605000495911,3.06705021858215,6.25500011444092,2.01300001144409,-6.70605039596558,-17.2729511260986,-40.6260032653809,-36.3940505981445,-26.2560005187988,-9.37095069885254,-5.94195032119751,11.2069501876831,10.9339504241943,10.4640007019043,8.83095073699951,8.98200035095215,11.1130504608154,14.7250509262085,15.8119506835938,15.1800003051758,9.23805046081543,1.97400009632111,7.35300016403198,6.59400033950806,6.6589503288269,13.4359502792358,SWING_RIGHT
0.0954250022769,-0.02062499895692,-0.22274999320507,-0.17599999904633,-0.07053750008345,0.21889999508858,0.90530002117157,2.81132507324219,6.44448757171631,-2.3735249042511,2.72181248664856,6.88929986953735,0.82115000486374,-3.48878741264343,2.57179999351501,-0.16843749582767,-0.12691250443459,0.02516249939799,-0.33343750238419,-0.27376249432564,-0.46323749423027,-2.9779748916626,-4.94243764877319,-1.07194995880127,5.42932510375977,3.51367497444153,-1.89241254329681,-4.2719874382019,-0.174899995327,-1.01983749866486,0.04661250114441,0.01787500083447,0.13186250627041,0.46062499284744,0.60541248321533,1.63020002841949,4.5929126739502,5.01545000076294,-6.8972749710083,-17.147762298584,-14.219012260437,-5.08708763122559,-0.58437502384186,-0.26840001344681,-0.28751251101494,0.16905000805855,0.04905000329018,-0.91995006799698,-0.69000005722046,-0.16005000472069,-4.5600004196167,5.05995035171509,39.9289512634277,58.7200546264648,30.8689517974854,-0.85005003213882,-22.5390014648438,-2.85495018959045,-1.71195006370544,-12.7800006866455,1.17300009727478,0.77295005321503,0.35595002770424,-0.07905000448227,-0.10305000841618,-1.06995010375977,1.76895010471344,12.8080501556396,17.3200511932373,-41.2350006103516,-45.0840034484863,-29.9089508056641,-12.8970003128052,-9.79500007629395,-8.47605037689209,9.68295001983643,9.60900020599365,9.43695068359375,9.9060001373291,10.5340509414673,9.64995002746582,15.8119506835938,31.2790508270264,5.83695030212402,6.07905006408691,9.52095031738281,-13.5190505981445,-3.9340500831604,29.7250518798828,14.1810007095337,SWING_RIGHT
0.19868749380112,0.27417498826981,-0.59523749351501,-1.03688752651215,-0.16101250052452,1.53216254711151,2.93149995803833,0.5626500248909,0.55096250772476,3.21254992485046,5.93367481231689,-0.83682501316071,-1.32206249237061,2.20893740653992,1.0723625421524,-0.42061248421669,-0.80808746814728,0.2880625128746,0.7732999920845,-1.29538750648499,-1.07305002212524,-0.74951249361038,3.21887493133545,4.13407516479492,2.21003746986389,-2.49589991569519,-1.73703753948212,-1.56791245937347,-1.54770004749298,0.02942499890924,2.53165006637573,1.89310002326965,1.70994997024536,1.69620001316071,1.13960003852844,-1.01433753967285,-5.22761249542236,-12.363037109375,-17.8458499908447,-15.07151222229,-4.9456000328064,1.00759994983673,2.37297487258911,2.86783742904663,1.627037525177,5.65905046463013,4.57395029067993,3.9100501537323,3.8860502243042,13.9639511108398,26.2170009613037,44.3719520568848,47.8060531616211,34.9660530090332,-15.7999505996704,-24.7999515533447,-13.4620504379272,-6.88800048828125,-4.46400022506714,-2.33505010604858,2.89005017280579,2.36295008659363,1.43400001525879,1.20900011062622,3.39105010032654,6.55005025863647,10.7410507202148,-12.7009506225586,-44.7670516967773,-51.142951965332,-31.2160511016846,-18.1660499572754,-12.7890005111694,1.24695003032684,4.78905010223389,9.49695014953613,8.425950050354,8.34705066680908,8.05695056915283,15.5629510879517,16.1089515686035,13.7430009841919,3.92295026779175,7.43895053863525,11.4610509872437,-10.6090507507324,5.92605018615723,18.2959499359131,9.98805046081543,4.39305019378662,SWING_RIGHT
-0.18232500553131,-0.35585001111031,-0.17063750326633,0.09858749806881,-0.28984999656677,-0.17916250228882,0.2954874932766,0.93293750286102,3.89674997329712,1.08624994754791,0.43381249904633,4.90985012054443,9.13371276855469,-3.69421243667603,0.59991252422333,0.06998749822378,0.14863750338554,-0.1055999994278,-0.3631374835968,-0.31102499365807,-0.29507499933243,-0.22811250388622,0.20295000076294,0.40301248431206,3.91063737869263,9.00294971466064,6.41685009002686,-4.7679500579834,-2.12973737716675,-1.54027497768402,0.25946250557899,0.26372501254082,0.35420000553131,0.52662497758865,0.7841625213623,1.75257503986359,1.88883745670319,0.30841249227524,-7.68487501144409,-17.0721378326416,-17.8979625701904,-12.5343627929688,-1.86463749408722,2.35812497138977,0.95974999666214,2.15700006484985,2.14305019378662,1.70205008983612,1.72800004482269,0.42495003342628,-0.94395005702972,16.9729499816895,28.1410522460938,65.3280029296875,53.461051940918,6.81495046615601,-26.7090015411377,-18.4540500640869,3.01005005836487,-11.9130001068115,1.08705008029938,1.02705001831055,0.39405003190041,0.82995003461838,-0.43305000662804,-2.0830500125885,4.44900035858154,9.10995006561279,7.58895015716553,-34.1260528564453,-66.7900543212891,-56.4190521240234,-37.302001953125,-11.3740501403809,-0.94800007343292,9.13695049285889,9.38400077819824,10.1740503311157,8.66805076599121,9.83700084686279,10.4449501037598,14.6670007705688,15.3280506134033,21.1080017089844,0.75495004653931,9.90405082702637,7.68600034713745,-28.969051361084,24.5659503936768,11.0680503845215,SWING_RIGHT
-0.22068749368191,0.03478749841452,-0.10463749617338,0.28490000963211,0.14327499270439,0.70730000734329,2.00667500495911,2.33873748779297,2.44942498207092,-0.84644997119904,-1.9765625,0.62218749523163,3.61583757400513,1.0456874370575,0.17737500369549,-0.48991250991821,-0.09391249716282,-0.01526249945164,-0.0961124971509,-0.15468749403954,-0.50792497396469,-1.72328746318817,-0.45581248402596,-0.174899995327,1.51621246337891,5.36538743972778,2.1929874420166,-3.04713749885559,-1.3029500246048,-0.32807499170303,2.32402491569519,1.5439875125885,1.25138747692108,0.97253751754761,0.84053748846054,0.35956248641014,-0.96332502365112,-4.57833766937256,-11.0647621154785,-16.0303001403809,-14.6276626586914,-6.39072513580322,-0.02461249940097,1.45144999027252,1.75683748722076,5.02905035018921,2.95905017852783,2.73705005645752,3.71895027160645,4.88700008392334,8.7940502166748,22.3060512542725,33.5920524597168,44.9610023498535,28.8330020904541,-7.69695043563843,-26.2920017242432,-12.5899505615234,-6.00705051422119,-7.49895048141479,0.17595000565052,0.32295000553131,-0.34500002861023,0.28695002198219,0.60300004482269,1.6470000743866,7.13205051422119,8.06295013427734,-6.08505010604858,-32.9670028686523,-39.3120002746582,-28.3060512542725,-17.7439498901367,-10.6339502334595,-8.35395050048828,10.9140005111694,9.80100059509277,10.9770002365112,10.0330505371094,10.7160005569458,11.8530006408691,16.3339500427246,13.0800008773804,8.62995052337646,3.91605019569397,-2.26200008392334,6.00705051422119,3.04905009269714,6.76905012130737,8.38304996490479,SWING_RIGHT
-0.42074999213219,-0.04509999975562,0.48069998621941,0.96909999847412,0.23594999313354,0.76477497816086,0.19126249849796,-3.10144996643066,-2.60122489929199,2.53137493133545,2.32278752326965,-1.35189998149872,-1.27847504615784,0.67760002613068,0.2954874932766,0.40301248431206,-0.14190000295639,-0.09075000137091,0.25409999489784,0.88824999332428,0.42542499303818,0.67540001869202,4.40659999847412,6.30079984664917,-3.79211258888245,-4.6646876335144,-0.05884999781847,0.96387499570847,-0.17379999160767,-0.49087500572205,-0.55563747882843,-0.63236248493195,-1.99237501621246,-4.27927494049072,-6.85478734970093,-8.37870025634766,-13.8413000106812,-12.5428876876831,-8.04979991912842,-2.2595374584198,-0.0086624994874,0.29466250538826,0.47547498345375,1.45351254940033,1.90795004367828,7.90500020980835,10.0990505218506,17.0110511779785,20.3400001525879,23.8459510803223,26.1529521942139,22.678050994873,4.93800020217896,-21.7300510406494,-9.28305053710938,-6.69900035858154,-5.65500020980835,-10.1070003509521,-8.41394996643066,-7.35300016403198,1.97295010089874,2.18595004081726,4.22595024108887,3.39795017242432,0.39000001549721,-2.58195018768311,-22.2660007476807,-28.2130508422852,-24.5340003967285,-19.0930500030518,-11.6680507659912,-8.08995056152344,-6.72300052642822,-4.21500015258789,-3.07695007324219,9.29505062103271,10.5499505996704,10.6990509033203,9.94905090332031,11.1540002822876,12.7390508651733,-0.52799999713898,-3.48795008659363,-5.29905033111572,8.34705066680908,3.70800018310547,15.7519512176514,14.8279504776001,11.3290500640869,5.19795036315918,SWING_RIGHT
2.11310005187988,-0.00453749997541,0.23264999687672,-1.56791245937347,-3.51119995117188,-5.79287481307983,-5.84924983978271,-4.51687479019165,-0.08552499860525,1.48527503013611,0.88082498311996,0.07631249725819,-0.34938749670982,-0.0109999999404,-0.17063750326633,-2.61717510223389,-0.02474999986589,-0.86129999160767,-1.05283749103546,-0.52181249856949,1.96308743953705,2.26545000076294,1.64917504787445,-1.78186249732971,-1.23695003986359,-0.37386250495911,0.68502497673035,0.512600004673,0.05389999970794,0.33591249585152,-3.35555005073547,-5.08172512054443,-7.85193729400635,-9.59612464904785,-10.8635997772217,-10.5092620849609,-6.25239992141724,-5.00513744354248,-1.20381247997284,1.45777499675751,1.93984997272491,1.4247750043869,1.95373749732971,1.87178754806519,2.37517499923706,16.5990009307861,21.1810512542725,18.7570514678955,18.7830009460449,15.1860008239746,-1.02705001831055,-6.1360502243042,-6.99795055389404,-13.2990007400513,-9.50595092773438,-5.889000415802,-7.8120002746582,-4.47900009155273,-5.27895021438599,-3.78600025177002,4.35105037689209,4.72695016860962,-0.42600002884865,-5.9800500869751,-16.2670516967773,-22.9369506835938,-22.5030002593994,-22.0480518341064,-18.844051361084,-10.3290004730225,-6.89700031280518,-3.99195027351379,-2.70405006408691,-3.6780002117157,-3.37005019187927,5.97105026245117,7.97805023193359,2.97000002861023,2.30895018577576,-3.08805012702942,-4.0969500541687,4.78305006027222,13.7740507125854,16.560001373291,10.9600505828857,9.88695049285889,8.44305038452148,9.38205051422119,8.94300079345703,8.55300045013428,SWING_RIGHT
0.14437499642372,-0.14079999923706,0.13158750534058,0.01663750037551,1.32027494907379,0.60513746738434,-0.59523749351501,1.77471244335175,2.0046124458313,3.09003758430481,3.67537498474121,2.24193739891052,-2.19367504119873,-0.07383749634027,0.88934999704361,-0.22055000066757,-0.01196249946952,-0.5185124874115,-1.40607500076294,-3.61116242408752,-2.08078742027283,4.23527479171753,4.65561246871948,4.81634998321533,6.88723754882813,1.1064624786377,-4.46778726577759,-0.77934998273849,-0.79956251382828,-0.6377249956131,0.87999999523163,1.00127494335175,1.82063746452332,3.33932495117188,-1.01007497310638,-3.30660009384155,-9.36622524261475,-14.1402244567871,-15.7121248245239,-11.5744752883911,-6.0321249961853,0.45100000500679,1.11512494087219,0.91822499036789,1.17892503738403,2.00894999504089,0.85905003547668,-1.63800013065338,10.9300508499146,32.2600517272949,39.0709533691406,45.7609519958496,42.8010025024414,37.9429512023926,-24.5560512542725,-28.8859519958496,-10.3560009002686,-2.35395002365112,-8.55705070495605,-4.98405027389526,0.79395002126694,0.10500000417233,-1.30695009231567,1.44105005264282,12.0730504989624,8.55900001525879,-3.65205025672913,-29.1709518432617,-41.8740005493164,-41.0050506591797,-30.9150009155273,-14.5159511566162,-8.69400024414063,-3.25905013084412,-0.4240500330925,9.27600002288818,10.0690507888794,8.75400066375732,9.66900062561035,13.0510501861572,12.2290506362915,15.7480506896973,8.89095020294189,2.61600017547607,-17.2309513092041,-10.5100507736206,-4.44405031204224,14.9479503631592,13.6570510864258,7.60695028305054,SWING_RIGHT
-0.49733749032021,-0.37606251239777,-0.24722500145435,-0.05032499879599,0.96057498455048,0.82967501878738,2.52395009994507,0.83077502250671,0.86913746595383,2.52504992485046,3.40614986419678,4.96842479705811,0.2880625128746,-0.23017500340939,1.12667500972748,0.07741250097752,-0.38981249928474,-0.50050002336502,-0.69423747062683,-1.07621252536774,1.06493747234344,-0.00673749996349,2.222825050354,5.54097509384155,8.13656234741211,-2.40748739242554,-4.34871244430542,-2.37132501602173,0.55632501840591,-1.11773753166199,1.01296246051788,0.66385000944138,0.81400001049042,0.76931250095367,-1.09518754482269,-3.40560007095337,-8.29028701782227,-12.8185749053955,-14.6543378829956,-11.3935251235962,-2.91183757781982,-0.01182499993593,0.88522499799728,0.77247500419617,1.78447496891022,2.800950050354,2.6290500164032,3.1800000667572,9.19095039367676,17.5189514160156,26.601001739502,38.6640014648438,37.4839515686035,25.021951675415,-17.3230514526367,-16.6260013580322,-12.9859504699707,-0.61305004358292,-11.146050453186,-8.26005077362061,1.41195011138916,1.14600002765656,1.24500000476837,3.52995014190674,5.58195018768311,7.44795036315918,2.57595014572144,-19.3729515075684,-38.4210014343262,-36.808952331543,-24.3829517364502,-17.0880012512207,-9.31395053863525,-6.92400026321411,-3.99000024795532,10.0240507125854,11.0730009078979,10.9360504150391,12.1120510101318,14.8830003738403,15.774001121521,11.5399503707886,12.6870002746582,9.65205001831055,-11.2260007858276,6.08595037460327,-3.45900011062622,9.54900074005127,9.70305061340332,5.23800039291382,SWING_RIGHT
-0.4100250005722,-0.16101250052452,0.00921249948442,0.6210874915123,0.63607501983643,0.65738749504089,3.4817750453949,2.54952502250671,-0.43133750557899,0.14121249318123,5.4643874168396,5.42822504043579,-0.68351250886917,-1.37953746318817,-0.38981249928474,-0.169537499547,-0.12168750166893,-0.12691250443459,0.53074997663498,0.80629998445511,0.91602498292923,-1.04747498035431,-0.41428750753403,3.16786241531372,4.68324995040894,-1.34337496757507,-2.03403759002686,-1.73703753948212,-0.1567499935627,-0.40466248989105,0.54051250219345,0.13186250627041,-0.52910000085831,-1.98178744316101,-3.22464990615845,-3.71744990348816,-7.7592625617981,-12.9910001754761,-17.1776008605957,-10.1899871826172,-1.12392497062683,0.68626248836517,1.970787525177,2.40817499160767,2.86357498168945,4.49205017089844,5.87205028533936,9.98895072937012,11.4109506607056,11.8399505615234,12.6589508056641,27.5899505615234,31.8769512176514,16.2919502258301,-33.9420013427734,-18.2929515838623,-17.2729511260986,-6.99105024337769,-10.2720003128052,-7.94205045700073,0.4420500099659,0.83805006742477,1.70505011081696,1.44300007820129,0.32295000553131,-0.46005001664162,-2.24895000457764,-15.9360008239746,-43.536003112793,-30.4309520721436,-23.7730503082275,-16.0699501037598,-6.90705013275146,-3.71400022506714,-1.6519501209259,11.0320501327515,9.74805068969727,12.7230005264282,11.3550004959106,11.1990003585815,12.9930009841919,16.9619998931885,7.7359504699707,5.55900049209595,1.95705008506775,3.27405023574829,-12.586950302124,3.7390501499176,13.6759510040283,11.8920001983643,SWING_RIGHT
-0.10779999941587,0.39448750019073,1.01915001869202,0.39558750391006,0.9840874671936,1.55017495155334,2.65485000610352,-0.91657501459122,-0.93252497911453,1.19900000095367,1.34901249408722,-2.07446241378784,0.21037499606609,1.2277375459671,0.81702500581741,0.67760002613068,-0.13653749227524,-0.06943749636412,0.34773749113083,-1.04431247711182,-1.29538750648499,-0.8260999917984,3.54887509346008,5.99114990234375,-3.29931259155273,-4.738112449646,-1.89461243152618,0.22742499411106,-0.33453750610352,0.55838751792908,-0.8153749704361,-0.89732497930527,-2.71067500114441,-3.4183874130249,-5.10303735733032,-6.28746223449707,-9.91429996490479,-13.8604125976563,-14.0040998458862,-4.71570014953613,-0.28435000777245,0.92042499780655,2.08353757858276,2.84556245803833,2.91472506523132,7.2610502243042,14.6209506988525,12.1800003051758,13.9429502487183,12.820050239563,18.6040515899658,27.7360515594482,22.4449520111084,-15.2590503692627,-27.1450519561768,-15.5719509124756,-12.3490505218506,-14.3340005874634,-9.04800033569336,-6.33195018768311,1.95105004310608,4.02495002746582,1.94895005226135,3.27105021476746,-0.60600000619888,-2.68005013465881,-14.3050508499146,-31.0750522613525,-38.1979522705078,-22.7860507965088,-14.0970010757446,-10.4760007858276,-4.96005010604858,-1.40100002288818,-1.56105005741119,9.65700054168701,13.3740005493164,9.25500011444092,10.1790008544922,12.0570001602173,14.2819509506226,7.41105031967163,-2.09700012207031,-9.05205059051514,2.05995011329651,1.91400003433228,21.9340515136719,15.7480506896973,10.2679500579834,8.68200016021729,SWING_RIGHT
0.16775000095367,0.60843747854233,0.15922500193119,0.37317499518394,0.73177498579025,0.35928750038147,-0.78567498922348,-1.06672501564026,-0.44728749990463,0.13901250064373,1.9375125169754,0.63607501983643,0.18163749575615,-0.25575000047684,-0.90062499046326,0.32326251268387,0.39558750391006,0.56155002117157,0.68296247720718,-0.14932499825954,0.14973749220371,1.91207504272461,4.09158754348755,5.04088735580444,-0.80698752403259,-2.05741238594055,-1.47853744029999,-0.41222500801086,-0.18864999711514,0.90530002117157,-0.78773748874664,-2.0402250289917,-3.3429000377655,-4.73907518386841,-6.60041236877441,-8.76823711395264,-10.2398996353149,-11.534049987793,-9.76538753509521,-4.38996267318726,-1.43687498569489,1.15018749237061,2.15586256980896,2.8060998916626,2.95624995231628,9.903000831604,11.1340503692627,13.6240510940552,16.2229499816895,19.3720512390137,19.7290515899658,19.498950958252,12.2860507965088,-12.1620006561279,-10.9999504089355,-15.0499505996704,-10.6480503082275,-11.7810001373291,-6.78000020980835,-7.7790002822876,2.50200009346008,2.91405010223389,2.47605013847351,1.27305006980896,-1.81305003166199,-8.800950050354,-14.9059505462646,-24.4620018005371,-24.3499507904053,-23.9239501953125,-20.3910007476807,-14.1060009002686,-8.64600086212158,-5.90100049972534,-6.64605045318604,10.8430509567261,9.36195087432861,9.39600086212158,10.5340509414673,9.92295074462891,8.24205017089844,7.17105054855347,3.25800013542175,-7.31295013427734,9.44400024414063,4.2610502243042,7.89405059814453,6.99900054931641,8.35200023651123,9.67905044555664,SWING_RIGHT
-0.29507499933243,-0.23663750290871,0.33384999632835,0.45828750729561,0.19442500174046,-0.27486249804497,0.61049997806549,3.77973747253418,2.48985004425049,-0.44948750734329,1.06383752822876,5.87083768844604,1.34901249408722,-0.0662750005722,0.98614996671677,-0.15881249308586,-0.2238499969244,-0.48344999551773,0.02736249938607,0.73191249370575,2.40899991989136,2.48242497444153,-0.45581248402596,1.6938624382019,7.70247507095337,0.28173750638962,-5.10633754730225,-1.33801245689392,1.10440003871918,0.33384999632835,0.27224999666214,-0.09281250089407,-0.18645000457764,-1.37940001487732,-1.90396249294281,-4.04731225967407,-5.35314989089966,-8.81182479858398,-13.1601247787476,-13.7007751464844,-5.15198755264282,-1.68795001506805,0.22220000624657,-0.1907124966383,1.26197504997253,3.16995024681091,3.56295013427734,8.7649507522583,6.85395050048828,12.9870004653931,13.7680501937866,18.0049514770508,32.2960510253906,36.4699516296387,-5.73600006103516,-17.9670009613037,-13.6800003051758,-2.30895018577576,-13.0170001983643,-11.3880004882813,1.88700008392334,1.96605014801025,4.05900001525879,3.01695013046265,4.76805019378662,2.56005001068115,0.72000002861023,-6.42300033569336,-23.0020503997803,-34.735050201416,-24.7140007019043,-21.469051361084,-11.2320003509521,-9.75195026397705,-7.0290002822876,10.2990007400513,11.4940509796143,12.3949508666992,10.2289505004883,11.7340507507324,13.2900009155273,15.3210010528564,20.2549514770508,2.91300010681152,-8.6089506149292,9.00795078277588,6.44100046157837,7.53000020980835,9.83400058746338,2.83395004272461,SWING_RIGHT
-0.0599500015378,-0.0109999999404,-0.24089999496937,-0.21738749742508,-0.24832500517368,0.59661251306534,1.63748753070831,1.93008744716644,2.56437492370605,-0.07053750008345,-2.62899994850159,0.34017500281334,3.43488740921021,3.67963743209839,-0.06847500056028,-0.23870000243187,-0.02158750034869,0.30305001139641,0.16994999349117,0.03052499890327,-1.03894996643066,-1.36358749866486,-1.06988751888275,-1.03688752651215,0.24557499587536,6.15078735351563,5.00788736343384,-2.93864989280701,-3.54626250267029,-1.25496244430542,0.03396249935031,-0.09281250089407,-0.13103750348091,-0.32161250710487,-0.10766249895096,-0.02887500077486,-1.15692496299744,-3.55671238899231,-7.88273763656616,-12.5992622375488,-13.7614126205444,-9.19173717498779,-1.82957494258881,0.76504999399185,0.44151249527931,1.15095007419586,0.72705000638962,0.96900004148483,0.13605000078678,0.97605001926422,7.43805027008057,15.2269506454468,27.609001159668,37.7280006408691,32.077953338623,10.7170505523682,-22.6399517059326,-16.5900001525879,-6.85695028305054,-7.21605014801025,1.63995003700256,1.46505010128021,1.41000008583069,0.92895007133484,0.98100006580353,3.99705028533936,7.39995050430298,11.2129507064819,2.72700023651123,-18.5710506439209,-35.251953125,-28.7059516906738,-22.7329502105713,-12.4950008392334,-10.0090503692627,10.5169506072998,9.96405029296875,9.528000831604,9.55395030975342,10.6849508285522,13.9990510940552,13.6900510787964,15.2610006332397,8.99400043487549,2.18700003623962,4.80195045471191,-1.83795011043549,11.1970500946045,1.19505000114441,10.8000001907349,SWING_RIGHT
-0.08552499860525,0.03272499889135,0.09432499855757,0.45732501149178,0.51796251535416,0.19648750126362,1.98866248130798,2.48462510108948,-0.19937500357628,-1.23268747329712,0.41690000891685,2.71232509613037,3.02843737602234,0.95741248130798,0.31679999828339,0.16362500190735,-0.11838749796152,-0.46007499098778,-0.52071249485016,-0.05884999781847,1.13629996776581,-1.78282499313354,-2.71933746337891,0.59675002098083,5.61123752593994,5.58786249160767,-0.66866248846054,-1.81802499294281,-2.11378741264343,-0.94751250743866,0.27018749713898,0.30318748950958,0.38087499141693,0.24241249263287,-1.93379998207092,-2.67135000228882,-4.95398759841919,-8.44139957427979,-12.4353628158569,-13.5485620498657,-8.71172523498535,-4.07714986801147,-2.24771237373352,0.65532499551773,1.84841251373291,1.55595004558563,1.7980500459671,3.81000018119812,10.8490505218506,15.2910003662109,15.7510509490967,25.4629516601563,30.8110523223877,29.6950511932373,11.3299503326416,-15.4189510345459,-14.1540002822876,-18.985050201416,-7.23000049591064,-7.75305032730103,2.67900013923645,3.08595013618469,2.95500016212463,5.41200017929077,6.6739501953125,7.24905014038086,7.52700042724609,-0.79695004224777,-18.1879501342773,-32.3160018920898,-26.6800518035889,-24.3190517425537,-22.1269512176514,-12.8350505828857,-4.73505020141602,9.70995044708252,9.53700065612793,10.8280506134033,12.0139503479004,10.488000869751,12.0349502563477,16.1950511932373,12.5740509033203,7.57095050811768,7.16400051116943,-5.11005020141602,3.60495018959045,-3.83805012702942,5.79600048065186,4.61595010757446,SWING_RIGHT
-0.38554999232292,-0.74524998664856,-0.97308748960495,-0.81867498159409,0.37963750958443,4.54588747024536,6.2008376121521,3.85522508621216,-0.79213750362396,0.62645000219345,1.91840004920959,2.44199991226196,2.27810001373291,0.90103751420975,0.56787496805191,0.00068749999627,0.16142499446869,0.19758750498295,0.11673749983311,-2.23300004005432,-4.12087488174438,-3.32378745079041,-1.03152501583099,2.73790001869202,6.04972505569458,1.4832124710083,-1.54123747348785,-3.01413750648499,-1.17837500572205,-0.5878124833107,0.69478750228882,0.78100001811981,0.40961250662804,0.84163749217987,1.66746246814728,0.0169124994427,-5.12751245498657,-7.7699875831604,-12.9218378067017,-12.8291625976563,-7.25491237640381,-1.32618749141693,1.2725625038147,2.20907497406006,2.51349997520447,0.17595000565052,0.16695000231266,1.32795011997223,-2.65395021438599,7.69005060195923,21.552001953125,31.7569522857666,32.0539512634277,28.8469505310059,3.69000005722046,-23.9520015716553,-17.5650005340576,-11.4720001220703,-8.24400043487549,-7.19205045700073,0.20505000650883,-0.64605003595352,-0.98400002717972,-0.79695004224777,3.4699501991272,8.66700077056885,6.82005023956299,0.99600005149841,-27.3919506072998,-36.6240005493164,-26.4769515991211,-19.8070507049561,-12.2239503860474,-6.57195043563843,-3.05295014381409,10.0930500030518,8.93595027923584,11.2210502624512,10.1740503311157,22.1950511932373,25.4020519256592,9.30705070495605,0.6280500292778,10.4140501022339,2.28000020980835,-0.98100006580353,6.13200044631958,6.58905029296875,7.83900022506714,6.13905048370361,SWING_RIGHT
-0.47822499275208,-0.23127499222755,-0.31858751177788,-0.02584999985993,1.22141253948212,2.18556237220764,3.81163740158081,0.23168750107288,0.10284999758005,4.91631269454956,5.78476238250732,3.62752509117126,-0.6239749789238,1.48211252689362,0.41263750195503,0.07631249725819,-0.25464999675751,-0.0844250023365,-0.80066251754761,-1.29016244411469,-2.25967502593994,-2.67038750648499,2.97632503509521,6.015625,3.38497495651245,-1.31037497520447,-1.3391125202179,-1.20175004005432,-1.50617504119873,-0.32491248846054,0.76284998655319,0.5490375161171,0.69795000553131,1.15871250629425,0.12856249511242,-1.65495002269745,-7.70082473754883,-13.8720998764038,-14.7085123062134,-11.3829374313354,-4.06546258926392,-2.06579995155334,1.37582504749298,2.8891499042511,2.00901246070862,-0.50505000352859,-0.6319500207901,-0.87405002117157,5.28705024719238,10.91100025177,28.0039520263672,44.60400390625,35.6830520629883,26.6200504302979,-13.9750509262085,-18.4440002441406,-17.8690509796143,-17.0089511871338,-3.63600015640259,-5.10795021057129,0.47100001573563,0.55695003271103,0.70800000429153,3.26100015640259,6.63600015640259,12.5350503921509,3.682950258255,-25.0879516601563,-37.0360527038574,-44.050952911377,-30.3420009613037,-24.8070011138916,-14.3530502319336,0.68205004930496,2.13300013542175,10.3110008239746,10.5030002593994,10.7590503692627,14.6290502548218,15.1300506591797,22.699951171875,14.9329509735107,13.6180505752563,15.1800003051758,6.75000047683716,-5.60100030899048,-8.28495025634766,5.24100017547607,8.93400001525879,4.12200021743774,SWING_RIGHT
-0.16843749582767,0.8925125002861,0.67540001869202,2.0845000743866,2.48778748512268,2.99543738365173,3.65626239776611,2.71658754348755,0.64666247367859,4.8449501991272,5.18663740158081,-1.15926253795624,0.18590000271797,-1.34763753414154,-1.81266248226166,-0.22591249644756,-0.80162501335144,2.0153374671936,1.23199999332428,0.7957124710083,1.52047502994537,1.00966250896454,1.90038752555847,2.28346252441406,-3.84216237068176,-4.12939977645874,-0.11632499843836,-0.92826247215271,-0.04922499880195,0.42116248607635,0.8427374958992,-1.48046255111694,-2.91183757781982,-6.33751249313354,-7.67098760604858,-9.38437461853027,-12.5312004089355,-13.6219873428345,-10.0676126480103,0.39256250858307,2.68372488021851,3.62559986114502,3.64897489547729,3.5766499042511,3.58091259002686,9.24195003509521,16.8790512084961,20.3059501647949,21.7579517364502,17.9110507965088,19.5379505157471,23.3940010070801,15.3060007095337,-33.0559501647949,-20.8890018463135,-15.6150007247925,-8.44500064849854,-5.70000028610229,-2.67000007629395,-1.17300009727478,4.52295017242432,5.27100038528442,5.63205003738403,-1.31895005702972,-5.68995046615601,-9.83400058746338,-20.5489501953125,-30.2059516906738,-40.501953125,-31.6500015258789,-21.4519500732422,-6.08295011520386,-1.06800007820129,-0.79200005531311,-0.38805001974106,12.7710008621216,16.7320499420166,14.8540506362915,14.8489503860474,13.7020502090454,12.796950340271,7.89000034332275,1.66500008106232,-4.34595012664795,8.76600074768066,-6.78600025177002,11.038950920105,5.14005041122437,8.23905086517334,11.1850509643555,SWING_RIGHT
-0.18012499809265,0.16348749399185,-0.02901249937713,-0.345124989748,-0.22274999320507,-0.19401249289513,-0.01526249945164,1.1446875333786,3.12097501754761,4.05858755111694,3.11354994773865,5.88362503051758,5.73567485809326,3.13059997558594,2.96670007705688,-0.06943749636412,-0.08016250282526,0.19016249477863,0.26578751206398,0.07204999774694,0.00068749999627,-0.05252499878407,-1.24753749370575,0.61476248502731,0.68818747997284,2.90070009231567,1.52253746986389,1.91413748264313,-0.26001250743866,-2.47032499313354,0.81922501325607,0.28613749146461,-0.16197499632835,-0.23113749921322,-0.12361250072718,0.17861250042915,0.35103750228882,0.05843750014901,-1.96473753452301,-4.37731266021729,-7.95300006866455,-9.71959972381592,-10.4538497924805,-5.83838748931885,-3.1799623966217,1.35000002384186,2.96400022506714,1.43595004081726,-0.33795002102852,-1.40805006027222,-0.57000005245209,1.59900009632111,11.3160009384155,26.3040008544922,30.1330509185791,22.8930015563965,22.2850513458252,13.8970508575439,-7.86000061035156,-14.6959505081177,3.03105020523071,3.61095023155212,2.99505019187927,1.80705010890961,1.38105010986328,1.15095007419586,3.60600018501282,7.67100048065186,13.8300008773804,14.7739505767822,-1.46805012226105,-19.1670017242432,-25.3609504699707,-22.606050491333,-23.4300003051758,11.7360010147095,9.54705047607422,9.05805015563965,9.85605049133301,10.1029500961304,11.0770502090454,12.1860008239746,20.3770503997803,26.3910007476807,20.7720012664795,22.9489517211914,16.0090503692627,5.87100028991699,-2.89200019836426,-2.41800022125244,SWING_RIGHT
-0.28654998540878,-0.02901249937713,0.27004998922348,0.58396250009537,2.44942498207092,4.63429975509644,4.22345018386841,-0.47712498903275,3.22740006446838,4.41292476654053,-0.3994374871254,-0.80588752031326,0.0082499999553,0.47107499837875,-0.74524998664856,-0.05348749831319,-0.34622499346733,-0.30360001325607,-0.38554999232292,-0.93472498655319,-2.38205003738403,-1.14221251010895,3.4018874168396,-0.08868750184774,-2.83964991569519,-3.23977494239807,-1.19226253032684,-0.99316251277924,-0.1385999917984,1.01488745212555,0.56924998760223,0.38940000534058,0.23402500152588,0.02323750033975,-1.44210004806519,-3.92383742332459,-9.89628791809082,-12.569561958313,-8.64902496337891,-4.32726240158081,1.56846249103546,3.89702486991882,4.25246238708496,2.58898758888245,2.30064988136292,1.675950050354,0.76800000667572,4.16400003433228,5.38305044174194,17.146951675415,31.1580009460449,36.844051361084,16.6609516143799,-25.4040012359619,-32.076000213623,-17.9940013885498,-9.84795093536377,-2.52900004386902,-0.00495000043884,-1.99005007743835,1.83900010585785,1.75200009346008,2.81100010871887,3.72405028343201,8.77500057220459,9.88395023345947,-6.2359504699707,-32.8549499511719,-41.3070030212402,-32.802001953125,-19.5120010375977,-6.22005033493042,1.39995002746582,6.43695020675659,2.41305017471313,10.7539501190186,11.5230007171631,13.6330509185791,15.4000511169434,20.4799518585205,19.4020500183105,4.91505002975464,5.4060001373291,7.26705026626587,-6.58305025100708,7.88505029678345,16.8490505218506,15.8479509353638,10.1860504150391,9.82500076293945,SWING_RIGHT
0.43917500972748,0.34017500281334,0.03478749841452,0.0772750005126,0.05706249922514,0.16142499446869,0.08910000324249,1.56186246871948,3.17954993247986,2.43031239509583,-1.05709993839264,1.90464997291565,3.09113740921021,-1.26458752155304,-2.02344989776611,-0.61325001716614,-0.25038748979568,0.06572499871254,-0.08538749814034,0.06668750196695,0.12636250257492,0.28063750267029,-0.06091250106692,-0.16211250424385,0.60953748226166,3.28171253204346,1.65659999847412,-0.24928750097752,0.14341250061989,0.16678750514984,0.74057501554489,0.59372502565384,0.50421249866486,0.36698749661446,0.22646249830723,0.18287499248981,-0.70784997940063,-3.28116250038147,-5.64052486419678,-10.2144622802734,-11.2307252883911,-8.14453792572021,-6.02360010147095,-3.58544993400574,-0.64927500486374,3.45795011520386,2.98305010795593,3.05295014381409,3.66600012779236,4.33395004272461,5.16300010681152,13.3540506362915,19.3009510040283,37.2900009155273,27.609001159668,12.4410009384155,-7.0290002822876,-8.84700012207031,-15.5410509109497,-18.3030014038086,1.10805010795593,1.13205003738403,1.36005008220673,1.80705010890961,2.72505021095276,3.39795017242432,6.98805046081543,9.74205017089844,11.1480007171631,-6.65595054626465,-25.7530517578125,-24.9799518585205,-21.3660011291504,-18.1660499572754,-15.1000509262085,10.1340007781982,9.53700065612793,9.54705047607422,9.37905025482178,10.4740505218506,10.2799501419067,14.7250509262085,18.04905128479,16.17405128479,2.69700002670288,4.57200002670288,7.24500036239624,-1.79505014419556,-2.7940502166748,15.7140007019043,SWING_RIGHT
-0.21958750486374,0.31790000200272,-0.1876875013113,-0.22481249272823,1.97271251678467,2.08229994773865,1.50122499465942,1.08198750019073,2.87938737869263,1.31931245326996,-1.1316249370575,0.12732499837875,0.52854996919632,-0.73672497272491,-0.61435002088547,-0.36423748731613,-0.5878124833107,0.51906251907349,0.6318125128746,-0.65793746709824,0.66275000572205,2.4536874294281,4.32038736343384,1.11705005168915,-1.85625004768372,-2.35014986991882,-1.89145004749298,-1.46038746833801,0.03368749842048,0.06888750195503,2.02180004119873,0.9150624871254,0.2924624979496,-0.98780000209808,-3.15548753738403,-8.03068733215332,-10.3261127471924,-11.4862003326416,-7.65077495574951,-2.30312490463257,1.27682495117188,2.64219999313354,2.62102508544922,2.81256246566772,2.98168754577637,2.34105014801025,6.53505039215088,15.6340503692627,17.7130508422852,24.7849502563477,28.0540504455566,26.2290019989014,8.03205013275146,-16.7910003662109,-18.0319499969482,-14.2170009613037,-7.74495029449463,-6.78000020980835,-4.171950340271,-4.68495035171509,-0.20595000684261,3.56100010871887,8.33595085144043,10.0699501037598,10.4650506973267,-1.72395002841949,-16.7359504699707,-31.8850517272949,-30.0810012817383,-21.9379501342773,-13.2510004043579,-4.68705034255981,-1.87695014476776,-0.56505000591278,-1.57095003128052,10.4470500946045,11.7810001373291,11.7289505004883,15.6109504699707,19.7710514068604,14.7250509262085,8.16495037078857,4.09605026245117,-2.36700010299683,-6.33600044250488,9.18000030517578,12.9739503860474,9.70005035400391,10.6920003890991,11.4840002059937,SWING_RIGHT
0.04757500067353,-0.35365000367165,0.2954874932766,-0.10889999568462,-0.58561247587204,0.13584999740124,0.11673749983311,0.50627499818802,1.87481248378754,3.44024991989136,1.52363753318787,1.94287502765656,3.55410003662109,1.77265000343323,0.25080001354218,-0.28874999284744,0.1870000064373,-0.44096249341965,0.08799999952316,0.09968750178814,-0.30250000953674,0.26894998550415,0.75528746843338,0.02309999987483,1.34914994239807,4.47686243057251,3.48810005187988,1.77691245079041,-2.4447500705719,-0.53350001573563,1.4609375,1.89626252651215,1.09175002574921,1.17149996757507,1.32577502727509,1.11732494831085,-0.31088748574257,-3.06721258163452,-5.66596269607544,-11.0285997390747,-12.3140878677368,-12.0747003555298,-7.26976251602173,-1.67516243457794,0.61283749341965,0.42300000786781,3.76200008392334,2.21700000762939,0.51405000686646,2.07300019264221,7.63905048370361,15.8179512023926,31.3330516815186,39.9859504699707,31.2690010070801,19.3510513305664,3.84795022010803,-14.2570505142212,-14.2360506057739,-10.7340002059937,0.01800000108778,0.7990500330925,0.7540500164032,0.10695000737906,0.71100002527237,3.12000012397766,7.25895023345947,11.8189506530762,9.72495079040527,-11.0959501266479,-26.9820003509521,-31.4320507049561,-23.6790008544922,-16.0180511474609,-11.8069505691528,9.70305061340332,10.5460500717163,10.1430006027222,7.91100025177002,11.401050567627,11.9659509658813,13.8720006942749,21.0190505981445,26.3340015411377,10.3969507217407,4.51695013046265,5.79600048065186,-0.01800000108778,6.34695053100586,10.0710000991821,SWING_RIGHT
-0.19717499613762,-0.49623748660088,0.07837499678135,-0.19401249289513,-0.10670000314713,0.52332502603531,0.29658749699593,1.41295003890991,3.05717492103577,0.31679999828339,-0.24186250567436,2.2760374546051,5.43358755111694,3.23386240005493,1.37458753585815,0.20405000448227,-0.00769999995828,-0.12594999372959,-0.10670000314713,-0.00247499998659,-0.43450000882149,-0.62603747844696,-0.74414998292923,-1.26458752155304,2.80279994010925,4.86310005187988,6.53716230392456,-1.03152501583099,-1.46781253814697,-1.31573748588562,0.55220001935959,0.23828749358654,0.27541249990463,-0.14588749408722,0.21051250398159,0.12966249883175,-0.05224999785423,-1.541100025177,-6.73763751983643,-11.9905500411987,-14.1094245910645,-10.6060628890991,-4.95082473754883,-1.87632501125336,-0.64074999094009,4.46805000305176,2.51895022392273,3.81705021858215,2.2219500541687,2.75805020332336,4.84905004501343,6.8580002784729,29.803050994873,40.1490020751953,38.5060501098633,17.9190006256104,-4.3090500831604,-14.8680009841919,-14.7510004043579,-13.5679502487183,2.83995008468628,1.43595004081726,2.19105005264282,1.38105010986328,1.32105004787445,2.78895020484924,3.65595006942749,11.9340009689331,7.963050365448,-13.5079507827759,-33.904052734375,-33.5320510864258,-23.7799510955811,-17.9980506896973,-15.0330009460449,8.59395027160645,10.9170007705688,10.1290502548218,9.29295063018799,12.6130504608154,9.68100070953369,12.5290508270264,20.3010005950928,14.2339506149292,8.54295063018799,7.17105054855347,4.39305019378662,-0.47805002331734,-3.79500007629395,-0.48495003581047,SWING_RIGHT
-0.174899995327,-0.0417999997735,-0.16101250052452,0.16568750143051,0.59455001354218,0.31143748760223,1.56200003623962,1.54275000095367,0.58602499961853,-1.11347496509552,-1.40717494487762,2.06208753585815,3.24761247634888,1.92802500724792,-0.07273750007153,-0.29617500305176,-0.10889999568462,0.24021250009537,-0.25575000047684,-0.48028749227524,0.03795000165701,-1.58922493457794,-1.19432497024536,0.48069998621941,2.30793738365173,4.62371253967285,-0.51754999160767,-0.45361250638962,-1.3582249879837,0.25396248698235,1.40882503986359,1.76646244525909,1.81005001068115,1.33113753795624,0.39036250114441,-0.73865002393723,-5.59899997711182,-8.07317543029785,-13.6369752883911,-16.7294864654541,-14.8766746520996,-7.85193729400635,-0.62163752317429,1.38971245288849,2.05163741111755,4.36500024795532,4.52100038528442,5.50800037384033,7.01700019836426,15.9949502944946,17.1760501861572,35.6059532165527,40.4130020141602,47.5039520263672,18.35205078125,4.30995035171509,-25.8160514831543,-12.2500505447388,-9.10305023193359,-8.67900085449219,0.99600005149841,0.85905003547668,1.11300003528595,1.63695013523102,4.74405002593994,4.83705043792725,4.15500020980835,0.44505003094673,-19.7869510650635,-44.3599510192871,-43.9200019836426,-33.6160507202148,-20.6110515594482,-9.33795070648193,-4.20300006866455,11.367000579834,11.1109504699707,10.7520008087158,11.4049501419067,10.4119501113892,9.1230001449585,12.8520002365112,11.1400508880615,6.76395034790039,4.99395036697388,7.23795032501221,12.4950008392334,6.88095045089722,3.56895017623901,7.28805017471313,SWING_RIGHT
-0.13117499649525,0.0709500014782,0.0954250022769,0.66591250896454,1.81843745708466,2.88791251182556,2.222825050354,-0.32065001130104,2.63463759422302,3.18064999580383,3.19440007209778,0.29864999651909,-0.33880001306534,-1.1837375164032,-1.88828754425049,0.59771251678467,0.17201249301434,0.02736249938607,-0.08126249909401,-1.02189993858337,-1.55512499809265,-0.41112500429153,4.50559997558594,4.31392478942871,-2.52670001983643,-3.9890124797821,-2.38947486877441,-0.42707499861717,0.08373750001192,0.73713749647141,-0.05335000157356,-0.27252501249313,-0.2374625056982,-1.5219874382019,-3.42471241950989,-8.75545024871826,-11.5904245376587,-15.1948499679565,-10.763500213623,0.28819999098778,3.21048736572266,3.63302493095398,2.47939991950989,2.27507495880127,3.00946259498596,4.13295030593872,3.42600011825562,7.11495018005371,12.4360504150391,26.8830013275146,40.9870529174805,40.5319519042969,32.7850532531738,-33.2209510803223,-18.8850002288818,-12.8230504989624,-2.74500012397766,-5.02500009536743,-7.1850004196167,-7.22595024108887,0.60795003175735,0.05400000140071,0.73695003986359,2.18595004081726,5.02605009078979,-0.23700001835823,-9.66795063018799,-32.742000579834,-42.2020530700684,-26.836051940918,-12.2839508056641,-3.1230001449585,0.39000001549721,-2.04495000839233,-3.92295026779175,10.3440008163452,10.252950668335,11.5180501937866,13.5709505081177,16.2510013580322,15.2779502868652,9.5179500579834,4.20105028152466,-4.79100036621094,5.37705039978027,-3.49995017051697,7.35300016403198,6.12900018692017,7.64805030822754,7.37205028533936,SWING_RIGHT
0.08373750001192,-0.13337500393391,0.20611250400543,0.06242499873042,0.30937498807907,1.1085250377655,1.49269998073578,1.71943747997284,2.18129992485046,0.92771250009537,0.67966252565384,1.8321875333786,1.55980002880096,-0.13007499277592,1.29263746738434,0.00288749998435,0.17737500369549,-0.10670000314713,-0.14396250247955,-0.26111251115799,-0.71871250867844,-0.20790000259876,0.2954874932766,0.37221249938011,2.34409999847412,6.17746257781982,1.74927496910095,-1.33375000953674,-0.94325000047684,-0.6208124756813,-0.17682500183582,-0.08855000138283,0.13392500579357,0.10628750175238,0.2041874974966,-0.88233751058578,-2.51061248779297,-5.96076250076294,-9.4014253616333,-13.4517621994019,-13.1080121994019,-8.44566249847412,-3.48644995689392,-1.19308745861053,1.03317499160767,2.17905020713806,1.12995004653931,1.66605007648468,1.7980500459671,6.12600040435791,11.260950088501,22.9410018920898,27.1540508270264,36.847053527832,24.1390514373779,9.46905040740967,-21.7110004425049,-8.55705070495605,-14.9380502700806,-15.5680503845215,0.39195001125336,-0.41895002126694,0.11205000430346,-0.07200000435114,1.59705007076263,2.93100023269653,5.38095045089722,1.75995004177094,-6.06195020675659,-24.7639503479004,-31.2570018768311,-25.0420513153076,-22.1230506896973,-18.8170509338379,-14.0970010757446,9.44204998016357,10.570050239563,9.82500076293945,9.76995086669922,12.3990001678467,13.1200504302979,13.9660511016846,13.7050504684448,12.7420501708984,5.01300001144409,4.72800016403198,-8.79104995727539,6.41895008087158,8.11500072479248,9.48705005645752,SWING_RIGHT
-0.0844250023365,-0.22701250016689,-0.44412499666214,-0.26853749155998,-0.22701250016689,1.32247495651245,1.25963747501373,0.63071250915527,-1.31669998168945,-0.18548749387264,0.08689999580383,2.90716242790222,2.63573741912842,0.31473749876022,0.69671249389648,-0.18232500553131,-0.2088624984026,0.03795000165701,0.26675000786781,0.97762501239777,-0.99646252393723,0.18273749947548,0.33164998888969,3.12633752822876,4.74814987182617,5.43771266937256,1.28631246089935,-2.22131252288818,-1.45186245441437,-2.01698756217957,0.59042501449585,0.1370874941349,0.22976249456406,0.07864999771118,-1.10481250286102,-3.67702507972717,-6.97716236114502,-10.9179124832153,-13.1165370941162,-13.9572124481201,-11.3403120040894,-5.57342481613159,-0.04276249930263,2.52738738059998,4.01830005645752,4.26900005340576,3.81900024414063,3.59205007553101,9.30405044555664,13.7850008010864,25.465051651001,27.4030513763428,28.0710010528564,27.003002166748,5.17200040817261,-4.30395030975342,-13.8670511245728,-14.4540004730225,-13.3230009078979,-7.62600040435791,1.70505011081696,1.05494999885559,0.29595002532005,2.57205009460449,3.17700004577637,5.47695016860962,0.13800001144409,-9.80700016021729,-21.8809509277344,-31.0200023651123,-27.7840518951416,-26.9170513153076,-19.1340007781982,-12.6450004577637,-5.7810001373291,9.73095035552979,9.23100090026855,10.0159502029419,11.3959503173828,12.2389507293701,15.4960508346558,10.9720506668091,8.97195053100586,8.0910005569458,3.36105012893677,2.64405012130737,4.45995044708252,-2.4300000667572,3.70095014572144,5.92095041275024,SWING_RIGHT
-0.05348749831319,-0.24612499773502,-0.35571250319481,-0.30360001325607,-0.1385999917984,-0.04716249927878,0.36684998869896,2.17277503013611,2.19092488288879,1.32467496395111,1.12983751296997,3.38277506828308,3.77121257781982,1.25014996528625,0.67113751173019,0.31996250152588,0.1710499972105,0.342375010252,0.64240002632141,0.36465001106262,0.65312498807907,1.29373753070831,0.84149998426437,1.93655002117157,3.3274998664856,6.15724992752075,1.45653748512268,-0.67498749494553,-0.44522500038147,-0.55907499790192,-0.04166249930859,-0.14918750524521,-0.34498751163483,-0.37262499332428,-0.65573751926422,-1.58262503147125,-3.20980000495911,-7.95726251602173,-11.7244873046875,-12.5897750854492,-12.2002372741699,-8.55208778381348,-3.11726260185242,-0.85043752193451,1.33003747463226,4.09500026702881,4.27905035018921,4.44900035858154,6.17805051803589,8.66400051116943,11.6580009460449,28.6320018768311,31.945951461792,28.9309520721436,15.3750009536743,8.42205047607422,-16.9900512695313,-8.29095077514648,-19.6080017089844,-18.2500514984131,1.0200001001358,0.86400002241135,0.19800001382828,0.72300004959106,2.08995008468628,1.16100001335144,4.97100019454956,-4.62000036239624,-17.613000869751,-24.7069511413574,-31.9609508514404,-26.7469520568848,-26.5050010681152,-25.2889518737793,-20.9110507965088,8.51700019836426,8.81205081939697,9.79095077514648,9.97305011749268,10.3060503005981,10.8430509567261,18.1069507598877,14.9620504379272,13.2499504089355,3.77295017242432,4.02195024490356,3.78705024719238,1.83000004291534,-2.08500003814697,0.966000020504,SWING_RIGHT
-0.07796250283718,-0.07479999959469,0.89361250400543,0.24983750283718,1.70032501220703,2.01107501983643,0.85525000095367,-0.5324000120163,2.16108751296997,3.53608751296997,2.95074987411499,1.13313746452332,0.72118747234344,0.22110000252724,-1.89241254329681,0.2231625020504,-0.28874999284744,-1.03152501583099,0.65312498807907,-0.36423748731613,-0.35254999995232,0.53597497940063,4.80246257781982,2.77090001106262,-0.54092502593994,-1.41033744812012,-0.88687497377396,-0.97198748588562,-0.73039996623993,0.37001249194145,0.2403499931097,0.02433750033379,-1.56241250038147,-3.43323755264282,-6.64083766937256,-10.1835250854492,-13.6529245376587,-13.6230878829956,-9.07788753509521,-1.73167502880096,1.56640005111694,3.50638747215271,4.27267503738403,4.32258749008179,4.73880004882813,2.14695000648499,6.64995050430298,14.7499504089355,19.3129501342773,28.5550518035889,29.9029521942139,29.9029521942139,9.40200042724609,-21.7830009460449,-17.1389999389648,-14.6959505081177,-11.3880004882813,-6.67200040817261,-5.97495031356812,-2.67795014381409,0.06900000572205,1.45995008945465,3.550950050354,2.93100023269653,0.3199500143528,-7.67595052719116,-22.2400512695313,-32.6530532836914,-31.9660511016846,-26.4670505523682,-18.0850505828857,-10.0999507904053,-4.67204999923706,-2.46195006370544,-2.72505021095276,9.58005046844482,10.6369504928589,12.4879503250122,12.7800006866455,17.4479999542236,9.73905086517334,11.9730005264282,7.47495031356812,7.55205059051514,6.04095029830933,0.55395001173019,3.12600016593933,2.92200016975403,2.82405018806458,6.02400016784668,SWING_RIGHT
0.01567500084639,0.05926249921322,0.23594999313354,0.05499999970198,-0.24722500145435,0.06888750195503,0.2072124928236,0.84149998426437,1.69496250152588,2.11529994010925,1.44484996795654,4.03301239013672,4.87588739395142,0.90323752164841,0.63401252031326,0.13158750534058,-0.10353749990463,-0.20253749191761,0.15510000288486,0.14973749220371,-0.57282501459122,-0.67925000190735,0.25506249070168,2.01629996299744,3.54887509346008,5.94866228103638,4.04360008239746,-1.76055002212524,-1.4305499792099,-0.03327500075102,0.09239999949932,0.28187498450279,-0.03959999978542,-0.07782500237226,0.19030000269413,0.25423750281334,0.04028749838471,-3.48012495040894,-8.30733776092529,-12.0789623260498,-12.0927124023438,-10.3080997467041,-6.11929988861084,-2.58623743057251,-0.76106250286102,0.73905003070831,1.24695003032684,1.74705004692078,0.46905001997948,1.05795001983643,4.54500007629395,7.24200057983398,27.832052230835,36.4489517211914,25.2949504852295,17.6790008544922,-1.95195007324219,-17.3520011901855,-6.32295036315918,-17.566951751709,-1.03694999217987,-0.47400003671646,-0.32295000553131,-1.09200000762939,-0.91905003786087,-0.15495000779629,0.61995005607605,4.94295024871826,-2.20305013656616,-17.5860004425049,-26.6590518951416,-26.6250019073486,-21.7320003509521,-19.2580509185791,-18.8770503997803,10.1959505081177,9.94005012512207,10.3489503860474,8.7450008392334,9.76995086669922,11.0989503860474,11.9779500961304,17.3740501403809,20.3959503173828,6.90300035476685,6.7350001335144,3.02805018424988,-4.24695014953613,8.76900005340576,12.0430507659912,SWING_RIGHT
0.00068749999627,-0.05032499879599,-0.68035000562668,-0.35365000367165,0.40301248431206,1.79506254196167,2.41009998321533,1.5916999578476,0.31790000200272,5.45902490615845,5.2791748046875,-0.02901249937713,-1.8350750207901,0.63291251659393,0.34127500653267,-0.58025002479553,-0.30676248669624,0.1870000064373,-0.42597499489784,-0.77824997901917,-0.20996250212193,-0.25148749351501,1.3831125497818,6.13689994812012,-1.29442501068115,-3.89537501335144,-1.62428748607636,0.26785001158714,-0.48771250247955,-0.42707499861717,1.06411254405975,0.64157497882843,-0.00756249995902,0.49156248569489,0.28503748774529,-5.36910009384155,-8.36701202392578,-13.2016496658325,-13.9614753723145,-5.82876253128052,0.93417501449585,1.07676243782043,1.19075000286102,1.71847498416901,2.2815375328064,5.63505029678345,5.4810004234314,3.29205012321472,8.61600017547607,17.4760513305664,37.8619499206543,38.8660507202148,34.9500007629395,-7.55895042419434,-31.6690521240234,-12.1230001449585,-5.86800050735474,-7.26600027084351,-8.49705028533936,-4.96005010604858,0.92400002479553,0.98100006580353,-1.71195006370544,-1.46100008487701,2.67900013923645,5.5290002822876,-1.87995004653931,-20.2110004425049,-41.7930030822754,-27.4540519714355,-12.5539503097534,-4.54500007629395,-4.4040002822876,-1.92105007171631,0.74895006418228,10.3440008163452,9.45795059204102,9.5710506439209,13.91100025177,15.9750003814697,16.5430507659912,16.4329509735107,5.53005027770996,4.49805021286011,6.04305028915405,-2.5489501953125,1.61700010299683,15.1459503173828,7.71000051498413,5.97795009613037,SWING_RIGHT
-0.45155000686646,-0.10889999568462,0.0677874982357,1.33746254444122,1.18208754062653,0.46791249513626,-1.05393743515015,-0.51012498140335,0.2253624945879,2.54209995269775,3.06349992752075,0.24763749539852,-0.39723750948906,-1.05393743515015,-2.34588742256165,0.39448750019073,0.64459997415543,0.15289999544621,-2.28194999694824,-2.01588749885559,-0.35571250319481,1.52996253967285,4.03837490081787,2.66337490081787,-1.3613874912262,-1.64986252784729,-0.85057497024536,-0.86652499437332,-0.06311249732971,1.06493747234344,-0.38747498393059,-0.98876249790192,-2.35097503662109,-4.3324875831604,-7.84011268615723,-12.4928379058838,-14.2616376876831,-14.1817502975464,-11.1445121765137,-2.76924991607666,-0.30030000209808,2.8168249130249,3.41907501220703,3.24348759651184,4.01609992980957,4.57800006866455,11.2800006866455,14.6689510345459,27.973051071167,34.0039520263672,32.3010025024414,21.1540508270264,-3.03705024719238,-23.2410011291504,-13.0530004501343,-18.0870018005371,-11.4150009155273,-6.08595037460327,-5.79300022125244,-7.39605045318604,-0.77805006504059,1.86705005168915,-0.40500003099442,1.42695009708405,-4.27695035934448,-17.776050567627,-31.0300521850586,-40.9020004272461,-34.3159523010254,-22.6729507446289,-17.5120506286621,-9.58200073242188,-2.20995020866394,-1.2720000743866,-3.02895021438599,9.6379508972168,10.8400506973267,10.3900508880615,13.9180507659912,11.5870504379272,11.2279500961304,9.32895088195801,3.79605007171631,5.88000011444092,11.6899509429932,-0.75105005502701,2.8000500202179,5.86305046081543,6.72300052642822,8.31300067901611,SWING_RIGHT
-0.29727500677109,-0.46117499470711,-0.43133750557899,-0.41964998841286,-0.03437500074506,0.50517499446869,0.83833748102188,0.55206251144409,0.59028750658035,0.52964997291565,-0.38554999232292,0.62218749523163,2.5335750579834,1.99292504787445,0.5711749792099,0.19868749380112,0.11783749610186,0.35186249017715,0.37317499518394,-0.3812874853611,-0.71761250495911,-0.29191249608994,-1.32948744297028,0.3827999830246,2.67079997062683,5.38133764266968,-0.09391249716282,-1.56474995613098,-2.47032499313354,-0.28984999656677,0.0169124994427,0.04235000163317,0.2435124963522,0.17008750140667,0.01361249946058,-1.39108753204346,-4.45389986038208,-8.2977123260498,-11.6638498306274,-14.1498498916626,-13.0101127624512,-6.34067487716675,-0.53652501106262,0.90021246671677,2.29748749732971,2.32500004768372,1.34505009651184,2.20695018768311,2.09205007553101,7.95300054550171,16.40505027771,26.4570007324219,29.2450523376465,33.6799507141113,18.4099502563477,-0.17505000531673,-27.6100521087646,-9.85800075531006,-11.6419506072998,-11.0340003967285,1.1340000629425,-0.2029500156641,0.73905003070831,0.12105000764132,1.63695013523102,2.38500022888184,4.18305015563965,-4.28700017929077,-15.1240510940552,-26.5750503540039,-28.4809513092041,-24.4189510345459,-18.1369514465332,-12.2239503860474,-7.7359504699707,9.22605037689209,9.94395065307617,10.3249502182007,9.9330005645752,11.2090501785278,13.2640504837036,10.8349504470825,10.2199506759644,14.2669506072998,3.09705018997192,-0.45405003428459,6.12900018692017,10.5340509414673,6.33000040054321,7.79400014877319,SWING_RIGHT
-0.32491248846054,-0.00357499998063,-0.02584999985993,-0.32917499542236,-0.32587498426437,0.07631249725819,0.20184999704361,1.70142495632172,2.70600008964539,2.63037490844727,0.07947500050068,1.4502124786377,3.62326240539551,3.39982509613037,2.26215004920959,0.68296247720718,0.11137499660254,-0.26743748784065,-0.24612499773502,-0.12168750166893,-0.32917499542236,-0.19717499613762,-0.61861246824265,-0.79846251010895,1.24698746204376,2.37173748016357,3.52646255493164,-2.10856246948242,-2.33310008049011,-1.00498747825623,0.16156250238419,0.51177501678467,0.47341248393059,0.28503748774529,0.171187505126,-0.23636250197887,-0.84617501497269,-4.81456232070923,-9.06400012969971,-13.0696496963501,-14.04026222229,-11.2243995666504,-7.13666248321533,-3.74192500114441,-0.44494998455048,2.20500016212463,1.68495011329651,2.90895009040833,2.83995008468628,4.11105012893677,9.77595043182373,13.687050819397,30.0109519958496,34.300952911377,27.856050491333,11.9170503616333,-3.10905003547668,-22.1059513092041,-20.7379512786865,-17.8360500335693,0.20505000650883,0.48495003581047,1.24005007743835,1.04595005512238,0.26505002379417,2.24805021286011,2.99295020103455,0.86400002241135,-8.80905055999756,-23.3509502410889,-33.985050201416,-29.9640007019043,-26.5770015716553,-23.6629505157471,-18.8130016326904,9.45405006408691,10.0039501190186,8.5890007019043,9.86100006103516,10.8109502792358,12.3730506896973,13.2330007553101,17.8290004730225,20.1880512237549,4.7039999961853,5.51805019378662,5.3580002784729,7.56900024414063,8.27805042266846,0.58005005121231,SWING_RIGHT
0.19126249849796,0.0954250022769,0.74566251039505,2.58252501487732,3.52439999580383,3.26040005683899,1.86628746986389,4.03411245346069,4.80782508850098,1.38847494125366,0.92551249265671,-0.2759625017643,-0.14616249501705,-0.96868747472763,-1.29868745803833,-0.11316250264645,0.53391247987747,0.03052499890327,0.03052499890327,2.02386260032654,1.15114998817444,4.83972501754761,3.09966254234314,-1.74666249752045,-2.93864989280701,-1.57217502593994,-0.93472498655319,-0.85483747720718,0.37427499890327,0.61159998178482,-0.10656250268221,-1.0399124622345,-2.17002487182617,-5.90644979476929,-11.1104125976563,-15.4705371856689,-13.8263120651245,-12.0139245986938,-7.00479984283447,1.84098744392395,3.17652487754822,4.92607498168945,4.05666255950928,4.08430004119873,4.42378759384155,9.0,9.27300071716309,22.9069519042969,34.6140022277832,40.6309509277344,25.6450519561768,0.93300002813339,-3.06105017662048,-40.6030502319336,-12.9229507446289,-17.1240005493164,-5.24505043029785,-3.4939501285553,-3.19500017166138,-0.25394999980927,0.74895006418228,-0.28200000524521,2.77995014190674,-0.6439500451088,-16.5330009460449,-40.5880508422852,-43.5720024108887,-38.919002532959,-33.8340034484863,-20.5440006256104,-11.2230005264282,-2.52600002288818,1.61100006103516,0.61695003509521,0.78495001792908,12.6010503768921,11.7190504074097,19.0740013122559,18.5910015106201,16.9380016326904,6.61800050735474,9.29295063018799,5.1589503288269,-8.92995071411133,6.67995023727417,2.76195001602173,6.24900007247925,8.20305061340332,8.40000057220459,10.9339504241943,SWING_RIGHT
-0.00769999995828,0.12003749608994,0.08167500048876,0.20514999330044,0.67443752288818,0.85428750514984,1.26183748245239,2.15256237983704,-0.55577498674393,2.23341250419617,6.78081226348877,2.40583753585815,-0.92716246843338,0.72448748350143,0.79254996776581,-0.43133750557899,0.05926249921322,0.91588747501373,1.39699995517731,0.99151247739792,-1.08267498016357,-1.83603751659393,-2.33419990539551,2.25472497940063,4.15332508087158,-2.46180009841919,-1.55306243896484,-0.1727000027895,-1.86381244659424,-1.15816247463226,1.28754997253418,0.59468752145767,-0.05651250109076,-0.38431251049042,-1.68684995174408,-4.07921266555786,-8.21479988098145,-13.1293249130249,-16.7635879516602,-13.0121746063232,-5.15625,-1.99443745613098,0.44687500596046,3.32873749732971,3.92892503738403,6.23295021057129,7.05195045471191,7.59405040740967,9.1960506439209,14.7640504837036,27.166051864624,38.8080024719238,42.4510536193848,24.9859504699707,-18.3979511260986,-16.4080505371094,-17.0020503997803,-19.8930015563965,-10.8730506896973,-7.76895046234131,0.74700003862381,1.12305009365082,0.7180500626564,0.70605003833771,1.50600004196167,-0.57900005578995,-5.1870002746582,-20.0290508270264,-44.6910018920898,-43.9480514526367,-25.935001373291,-15.3640508651733,-12.7870502471924,-5.58705043792725,1.0480500459671,10.1269502639771,10.452000617981,11.6880006790161,11.8560009002686,9.86805057525635,12.5650501251221,21.8140506744385,15.0150003433228,11.4889507293701,14.2699508666992,3.72000026702881,-4.71195030212402,6.71100044250488,7.83900022506714,3.32505011558533,SWING_RIGHT
